-- phpMyAdmin SQL Dump
-- version 5.2.1
-- https://www.phpmyadmin.net/
--
-- Host: 127.0.0.1
-- Generation Time: Dec 31, 2023 at 10:56 AM
-- Server version: 10.4.28-MariaDB
-- PHP Version: 8.1.17

SET SQL_MODE = "NO_AUTO_VALUE_ON_ZERO";
START TRANSACTION;
SET time_zone = "+00:00";


/*!40101 SET @OLD_CHARACTER_SET_CLIENT=@@CHARACTER_SET_CLIENT */;
/*!40101 SET @OLD_CHARACTER_SET_RESULTS=@@CHARACTER_SET_RESULTS */;
/*!40101 SET @OLD_COLLATION_CONNECTION=@@COLLATION_CONNECTION */;
/*!40101 SET NAMES utf8mb4 */;

--
-- Database: `ulo_project`
--

-- --------------------------------------------------------

--
-- Table structure for table `citizen`
--

CREATE TABLE `citizen` (
  `id` bigint(20) NOT NULL,
  `username` varchar(100) DEFAULT NULL,
  `password` varchar(250) DEFAULT NULL,
  `name` varchar(100) DEFAULT NULL,
  `phone` varchar(20) DEFAULT NULL,
  `email` varchar(50) DEFAULT NULL,
  `father_name` varchar(50) DEFAULT NULL,
  `mother_name` varchar(50) DEFAULT NULL,
  `nid` varchar(20) DEFAULT NULL,
  `dob` date DEFAULT NULL,
  `address` varchar(250) DEFAULT NULL,
  `present_address` text DEFAULT NULL,
  `gender` varchar(20) DEFAULT NULL,
  `photo` text DEFAULT NULL,
  `is_approved` tinyint(4) NOT NULL DEFAULT 0,
  `registered_by` int(11) NOT NULL DEFAULT 0 COMMENT '0 = self',
  `agent_id` varchar(100) NOT NULL DEFAULT '0' COMMENT '0 = citizen',
  `user_type_id` int(11) NOT NULL DEFAULT 1,
  `created_at` timestamp NOT NULL DEFAULT current_timestamp(),
  `old_nid` varchar(20) DEFAULT NULL,
  `nid_info_update` datetime DEFAULT NULL
) ENGINE=InnoDB DEFAULT CHARSET=utf8 COLLATE=utf8_general_ci;

--
-- Dumping data for table `citizen`
--

INSERT INTO `citizen` (`id`, `username`, `password`, `name`, `phone`, `email`, `father_name`, `mother_name`, `nid`, `dob`, `address`, `present_address`, `gender`, `photo`, `is_approved`, `registered_by`, `agent_id`, `user_type_id`, `created_at`, `old_nid`, `nid_info_update`) VALUES
(4, '01676717367', '0862bc71346a444d52ffa227abc691fa', 'ইভানুল ইসলাম লিখন', '01676717367', 'Ivanul.islam@gmail.com', 'সিরাজুল ইসলাম পাটওয়ারী', 'তোফায়েল আরা শারমিন', '3740238112', '1996-09-18', NULL, NULL, NULL, NULL, 1, 8, '28', 3, '2021-04-11 07:17:59', NULL, NULL),
(11, '01738051123', '25d55ad283aa400af464c76d713c07ad', 'মোঃ মুনির হোসেন', '01738051123', 'munir019@yahoo.com', 'মোঃ আব্দুল মালেক', 'রাহিমা বেগম', '6427882573', '1986-11-09', '098f6bcd4621d373cade4e832627b4f6', NULL, NULL, NULL, 1, 26280, '28', 4, '2021-04-11 09:49:58', NULL, NULL),
(12, '01303066899', '8f4668f5c839fe76c640cb420a84f539', 'মোঃ মাহাফুজুর রহমান', '01303066899', 'mahafuzsingra@gmail.com', 'মোঃ মকবুল হোসেন', 'মোছাঃ নুরজাহান বেগম', '9146459681', '1996-01-07', NULL, NULL, NULL, NULL, 1, 26280, '28', 4, '2021-04-11 11:02:22', NULL, NULL),
(13, '01823808983', 'f636b97dcfac0b48c6709564cd50bb3a', 'আজিম উদ্দিন', '01823808983', 'ausohan951@gmail.com', 'মোঃ সৈয়দ নুর', 'জামেলা বেগম', NULL, '2021-03-13', NULL, NULL, NULL, NULL, 1, 26280, '28', 4, '2021-04-11 11:29:04', NULL, NULL),
(14, '01944721443', 'de2b82d06f6c58c0fdf792ed48fd0d53', 'আবদুল আলীম হাওলাদার', '01944721443', NULL, 'আব্দুল গনি হাওলাদার', 'আল্পন নেছা', '2613834243111', '1955-08-10', NULL, NULL, NULL, NULL, 1, 5, '0', 3, '2021-04-11 12:27:35', NULL, NULL),
(15, '01923405632', '210e1d6199c7b35d69bf130a43fcf61c', 'Md. Mafizur Rahman', '01923405632', NULL, NULL, NULL, NULL, '2021-04-10', NULL, NULL, NULL, NULL, 1, 5, '0', 4, '2021-04-11 13:11:13', NULL, NULL),
(16, '01937223635', '4495ce52bbfa210a5cf55af5ffcce813', 'মোঃ আবুল কালাম', '01937223635', 'mic.jatpur@gmail.com', 'মোঃ শাহাবাজ আলী বিশ্বাস', 'মাহাফুজা', '19918719087000483', '1991-09-23', 'adress', NULL, NULL, NULL, 1, 8, '0', 2, '2021-04-11 13:20:11', NULL, NULL),
(17, '01819126681', 'fbb230d2bc59601f4f6595db5fb4083c', 'সাহারা বেগম', '01819126681', NULL, NULL, NULL, NULL, '2021-04-10', NULL, NULL, NULL, NULL, 1, 9, '0', 5, '2021-04-11 13:42:27', NULL, NULL),
(18, '01712206575', 'c0f621a8d8ed09bef3486ef0cbfefd4b', 'শাহীদা বেগম', '01712206575', NULL, 'আব্দুর রহমান তরফদার', 'মেহের আফরোজ বানু', '4175698077', '1953-09-08', NULL, NULL, NULL, NULL, 1, 5, '0', 2, '2021-04-11 14:43:10', NULL, NULL),
(19, '01722998709', '53df5aecb9e3047b5557511f5882a329', 'মোঃ হারুন অর রশীদ', '01722998709', NULL, 'মোঃ ইউসুফ আলী', 'মোছাঃ রাহেলা বেগম', '2404420909', '1998-01-30', NULL, NULL, NULL, NULL, 1, 5, '0', 3, '2021-04-11 14:52:21', NULL, NULL),
(20, '01533332125', 'ca700a3d98d6f48fc4f768458a7f254a', 'মোঃ রাজিব প্রধান', '01533332125', 'rajibprodhan713@gmail.com', 'মোঃ মোকসেদ প্রধান', 'মোছাঃ জান্নাতুন প্রধান', '6904280754', '1998-01-12', NULL, NULL, NULL, NULL, 1, 5, '0', 2, '2021-04-11 15:05:33', NULL, NULL),
(21, '01835886837', '9b1ff031ce6f567dcf3b9edde39efce1', 'Nurus sultan', '01835886837', 'ms6769818@gmail.com', NULL, NULL, NULL, NULL, NULL, NULL, NULL, NULL, 1, 6, '0', 2, '2021-04-11 15:47:52', NULL, NULL),
(22, '01840616681', '1dcac5bc0278daecfb1b1fae85a3718d', 'মোঃ আবু তাহের', '01840616681', 'mdoliullah3030@gmail.com', 'মৃতঃ আব্দুর রহমান', 'জামিনা খাতুন', NULL, '1981-04-15', NULL, NULL, NULL, NULL, 1, 8, '0', 3, '2021-04-11 16:36:37', NULL, NULL),
(23, '01619077090', '340d774e1d7bd09a6457dc7057211343', 'মোঃ সুলতান মিয়া', '01619077090', 'mdsultanmia1@gmail.com', 'মোঃ শুকুর মিয়া', 'আতিয়া বেগম', '7758468875', '1995-07-10', NULL, NULL, NULL, NULL, 1, 5, '0', 2, '2021-04-11 16:41:09', NULL, NULL),
(24, '01752348634', '9d3e8724883121836cb518ea04a19a5d', 'মোজাম্মেল রউফ', '01752348634', 'mujammelrouf@gmail.com', 'হানিফ আলী', 'রাবিয়া খাতুন', '7808485861', '2000-01-05', NULL, NULL, NULL, NULL, 1, 80, '0', 2, '2021-04-11 17:07:02', NULL, NULL),
(25, '01910782344', '1511bf49ebec589aea785374632f179f', 'সৈকত হোসেন', '01910782344', NULL, 'রোমান উদ্দিন', 'শিউলী বেগম', '20003313686000371', '2000-11-24', NULL, NULL, NULL, NULL, 1, 20, '0', 3, '2021-04-11 17:17:09', NULL, NULL),
(26, '01909219471', '038eb3202b149b19e600b6161b16cb1f', 'Khdiza Jannat Priti', '01909219471', NULL, NULL, NULL, NULL, '2021-04-11', NULL, NULL, NULL, NULL, 1, 800, '0', 2, '2021-04-11 18:36:49', NULL, NULL),
(27, '01307366733', '9a9b08be8acf38ab1d8e40ff06930964', 'তমাল সেন', '01307366733', NULL, 'লিটন সেন', 'মিনা সেন', '7358588890', '2000-11-20', NULL, NULL, NULL, NULL, 1, 150, '0', 2, '2021-04-11 18:41:10', NULL, NULL),
(28, '01876243876', 'aa2339cb868a953928b995333e91eb71', 'আবছার মাহবুব সাকিব', '01876243876', NULL, 'মাহফুজর রহমান', 'শাহেনা আকতার', '6003609564', '1999-06-26', NULL, NULL, NULL, NULL, 1, 0, '0', 2, '2021-04-11 18:44:14', NULL, NULL),
(29, '01670455708', '9b6aeb7c3dd3a1c52aa9edfacd185e12', 'মুহাম্মদ ইমরান', '01670455708', NULL, 'কামাল উদ্দিন', 'শায়েরা বেগম', '6867273648', '1993-06-20', NULL, NULL, NULL, NULL, 1, 0, '0', 3, '2021-04-11 20:13:08', NULL, NULL),
(30, '01536200369', '30120d42aff3c7be35d4d7d058baf645', 'মোঃ ফরহাদ', '01536200369', 'md.farhad115@gmail', 'মোঃ জাহিদুল ইসলাম', 'ফিরোজা বেগম', '19982611038001658', '1998-03-06', NULL, NULL, NULL, NULL, 1, 0, '0', 2, '2021-04-11 21:33:06', NULL, NULL),
(31, '01813302097', 'ebd46c86e3a61bccdf7a97a7d1245455', 'মোঃ কোরবান আলী', '01813302097', 'ctgkurban@gmail.com', 'মোঃ নুরুল আলম', 'আছমা খাতুন', '8255499330', '1996-02-09', NULL, NULL, NULL, NULL, 1, 0, '0', 2, '2021-04-11 21:38:54', NULL, NULL),
(32, '01975571576', 'ffc87359397532b958fff7ce8f8a2777', 'আবু রায়হান', '01975571576', NULL, 'আব্দুর রহমান', 'রোকেয়া বেগম', '19971018838000044', '1997-04-04', NULL, NULL, NULL, NULL, 1, 0, '0', 0, '2021-04-11 21:49:30', NULL, NULL),
(33, '01740419969', 'ae638ac30b65b674b1cba721c83fad2c', 'মৃনাল কুমার', '01740419969', 'mrinalkumar4041@gmail.com', 'সন্তোষ চন্দ্র', 'মল্লিকা রানী', '6463981008', '1999-12-12', NULL, NULL, NULL, NULL, 1, 0, '0', 0, '2021-04-12 01:16:14', NULL, NULL),
(34, '01826865828', 'f42a5259e2880c219f66e6e8a9ae2e25', 'সুমন চন্দ্র', '01826865828', 'sumonchondro5746@gmail.com', 'অরুন চন্দ্র সরকার', 'অপু বালা', '3309286437', '2001-05-15', NULL, NULL, NULL, NULL, 1, 0, '0', 0, '2021-04-12 01:42:52', NULL, NULL),
(35, '01309874156', '88772996f46c9952b42b6dde6a0b1a83', 'মোঃ মশিউর রহমান', '01309874156', 'mdmoshiurrahman445@gmail.com', 'মোঃ শাহিন মিয়া', 'মোছাঃ মর্জিনা বেগম', NULL, '2005-02-15', NULL, NULL, NULL, NULL, 1, 0, '0', 0, '2021-04-12 02:26:33', NULL, NULL),
(36, '01817184850', '0375b9a325a1aebc31b72cbf6e5731cc', 'মোঃ মহিউদ্দিন হৃদয়', '01817184850', 'mrhidoy@gmail.com', 'মোঃ সামসুল হক', 'মোছাঃ আনোয়ারা বেগম', '6893179363', '1991-02-25', NULL, NULL, NULL, NULL, 1, 0, '0', 0, '2021-04-12 04:02:57', NULL, NULL),
(37, '01967784985', '668fca8618c47152095e4d308f241c21', 'মোঃ আব্দুল কাদির', '01967784985', '1996mdabdulkadir@gmail.com', 'মোঃ আব্দুল আলী', 'অজুফা খাতুন', '8207715247', '1996-10-03', NULL, NULL, NULL, NULL, 1, 0, '0', 0, '2021-04-12 04:54:24', NULL, NULL),
(38, '01701012501', 'c7ea41e0456c8cca1018151d4a2acc7e', 'তরিকুল ইসলাম', '01701012501', NULL, 'আব্দুর রাজ্জাক', 'আকতারা বেগম', '19958123411000007', '1995-10-20', NULL, NULL, NULL, NULL, 1, 0, '0', 0, '2021-04-12 05:06:26', NULL, NULL),
(39, '01703278173', '4a3623622990fa23e5677c0b782ed0b9', 'মার্জানা লোপা', '01703278173', NULL, 'সেখ আবুসাইদ', 'পারভিন সাইদ', '9135240282', '1989-08-07', NULL, NULL, NULL, NULL, 1, 0, '0', 0, '2021-04-12 05:13:06', NULL, NULL),
(40, '01951985547', 'd9f3203076d6d9730ca0686f621c9bf4', 'মোঃ কামরুজ্জামান ', '01951985547', NULL, 'মোঃ আতাউর রহমান ', 'মোছাঃ মনোয়ারা বেগম ', NULL, '2004-07-12', NULL, NULL, NULL, NULL, 1, 0, '0', 0, '2021-04-12 05:16:59', NULL, NULL),
(41, '01936628873', '7b8b52e1bfa86fa5c98680b80268c6da', 'নয়ন মন্ডল ', '01936628873', NULL, NULL, NULL, NULL, '2021-03-11', NULL, NULL, NULL, NULL, 1, 0, '0', 0, '2021-04-12 05:19:50', NULL, NULL),
(42, '01757759284', '720e4f4607bdfa489dd27a3f0db1bf4e', 'ইমদাদুল শেখ', '01757759284', NULL, 'আয়নাল শেখ', 'আকলিমা বেগম', '19992911013000009', '1999-10-10', NULL, NULL, NULL, NULL, 1, 0, '0', 0, '2021-04-12 05:19:56', NULL, NULL),
(43, '01749876106', '53124560e917ab10da27a89de4f139ac', 'মোঃ সাইদুর রহমান', '01749876106', 'raselahmed5850@gmail.com', 'মোঃ আমিরুল ইসলাম', 'মোছাঃ রাশেদা বেগম', '1503053074', '1997-01-18', NULL, NULL, NULL, NULL, 1, 0, '0', 0, '2021-04-12 05:38:56', NULL, NULL),
(44, '01726367132', '8d32e4af0b863ad372f2077364dddab0', 'ফার্মা এন্ড ফার্ম', '01726367132', NULL, '', '', NULL, '0000-00-00', NULL, NULL, NULL, NULL, 1, 0, '0', 0, '2021-04-12 05:39:04', NULL, NULL),
(45, '01552333396', '8a3bed8f37fdf0b3a8b76ec4391e0b10', 'Khaledur Rahman Shakil', '01552333396', 'ceo@llcgroupbd.con', 'মোহাম্মদ সহিদুর রহমান', 'খালেকুন নাহার', NULL, '1985-12-01', NULL, NULL, NULL, NULL, 1, 0, '0', 0, '2021-04-12 05:45:22', NULL, NULL),
(46, '01833341006', '908d94faab93fbaf31b24e7dc945f91b', 'মোঃ আজগার আলী', '01833341006', 'mdasgarali998@gmail.com', 'মোঃ আকবর আলী', 'নাজমা বেগম', '19987328503000041', '1998-03-24', NULL, NULL, NULL, NULL, 1, 0, '0', 0, '2021-04-12 05:46:22', NULL, NULL),
(47, '01717539727', '1b82f881d5235bcb83b71f3e9d95228c', 'Farhan sadiq mahin', '01717539727', 'me.mahin.100@gmail.com', 'আবুল হোসেন', 'Rokeya begum', NULL, '2004-02-15', NULL, NULL, NULL, NULL, 1, 0, '0', 0, '2021-04-12 05:59:53', NULL, NULL),
(48, '01733376201', '3bdd92412cb2816d67df410af546346b', 'Mir Md Rashedul Hossain', '01733376201', 'info@trackingandsurvey.com', NULL, NULL, NULL, NULL, NULL, NULL, NULL, NULL, 1, 0, '0', 0, '2021-04-12 06:12:19', NULL, NULL),
(49, '01915116957', 'ed5fe4dd1be1a2844cbd9e13d469b6f0', 'Aminur Rahman', '01915116957', NULL, NULL, NULL, NULL, '2020-02-26', NULL, NULL, NULL, NULL, 1, 0, '0', 0, '2021-04-12 06:16:55', NULL, NULL),
(50, '01712706182', '4271601bca9073281996bd453d381cf9', 'মোঃ হাবিবুর রহমান', '01712706182', NULL, 'মোঃ আউয়াল ফকির', 'হেপী খানম', '2402414607', '1996-12-24', NULL, NULL, NULL, NULL, 1, 0, '0', 0, '2021-04-12 06:33:16', NULL, NULL),
(51, '01980155039', '0e23167e19baa56dbb500ac92ce83219', 'ontor', '01980155039', NULL, '', '', NULL, '0000-00-00', NULL, NULL, NULL, NULL, 1, 0, '0', 0, '2021-04-12 06:43:33', NULL, NULL),
(52, '01571198494', '8c2b4dd06cd473a038f53bfa13f796e9', 'সাকিবুল ইসলাম', '01571198494', 'sakibulislam820@gmail.com', 'ছাবের আহমদ', 'ছায়রা খাতুন', NULL, '2000-06-07', NULL, NULL, NULL, NULL, 1, 0, '0', 0, '2021-04-12 07:25:27', NULL, NULL),
(53, '01614038789', '9305f8ca6f763a27f07a3b7a00762f37', 'Anwar Ahmed', '01614038789', 'info@wc-bd.com', NULL, NULL, NULL, NULL, NULL, NULL, NULL, NULL, 1, 0, '0', 0, '2021-04-12 07:32:00', NULL, NULL),
(54, '01790625983', 'c3f362fe13a501abf426dbfa1d4a5e0d', 'মোছাঃ মুন ইমু খাতুন', '01790625983', 'moonemu6@gmail.com', 'মোঃ মাহামুদুল হক', 'মোছাঃ মোহসিনা খাতুন', '9576447610', '1997-01-06', NULL, NULL, NULL, NULL, 1, 0, '0', 0, '2021-04-12 08:01:07', NULL, NULL),
(55, '01711900726', '6f204cda62b854bec39899d8942b2568', 'মোঃ মাহাতাব মাহমুদ', '01711900726', 'info.mahatab@gmail.com', 'মোঃ সুলতান মাহমুদ', 'বেগম খাদিজা মাহমুদ', '5067021872', '1976-10-01', NULL, NULL, NULL, NULL, 1, 0, '0', 0, '2021-04-12 08:05:25', NULL, NULL),
(56, '01749082393', 'fec3ff61dd80a4d61a31fef69357cc11', 'মেরাজুল ইসলাম', '01749082393', NULL, 'মোঃ সাইদুল ইসলাম', 'রহিমা বেগম', '1513618767', '1999-12-30', NULL, NULL, NULL, NULL, 1, 0, '0', 0, '2021-04-12 08:17:07', NULL, NULL),
(57, '01707464781', '257423b1975e0ab7702f8be4cc54d936', 'মোঃ শামীম হোসেন', '01707464781', 'shamim.ce38@gmail.com', 'মোঃ আব্দুল হান্নান তালুকদার', 'মোছাঃ ফরিদা খাতুন', '19888816147661611', '1988-12-03', NULL, NULL, NULL, NULL, 1, 0, '0', 0, '2021-04-12 08:24:21', NULL, NULL),
(58, '01975100378', '6b0b657bf66e80bd1b934c08ba98571b', 'MD EKRAM HOSSAIN NILOY', '01975100378', 'ekramhn666@gmail.com', NULL, NULL, NULL, NULL, NULL, NULL, NULL, NULL, 1, 0, '0', 0, '2021-04-12 08:29:08', NULL, NULL),
(59, '01718106800', 'c4b1c19a5be6d5ce79b3893211e0df4b', 'মোঃ গোলাম কিবরিয়া', '01718106800', NULL, 'মোঃ সোনাওর আলী', 'সামছুন নেছা', '19939110827000075', '1993-01-07', NULL, NULL, NULL, NULL, 1, 0, '0', 0, '2021-04-12 08:32:58', NULL, NULL),
(60, '01738339042', 'c1589ccb043cce541cb319de86cd07ef', 'মোঃ মাহবুব আলম সুমন', '01738339042', 'maa.sumon1@gmail.com', 'মোঃ আব্দুর রহিম', 'মোছাঃ ছালিমন বিবি', '19932721004000034', '1993-10-25', NULL, NULL, NULL, NULL, 1, 0, '0', 0, '2021-04-12 08:36:43', NULL, NULL),
(61, '01905081233', 'de7a19733460fa85c83f057790e98b32', 'সুলেমান আলী', '01905081233', 'sulemanali2001.bd@gmail.com', 'দুদু মিয়া', 'রোসনা বেগম', '1032289280', '2000-12-10', NULL, NULL, NULL, NULL, 1, 0, '0', 0, '2021-04-12 08:58:23', NULL, NULL),
(62, '01920623748', 'ba2d324ccb14821dc52079d64a71480b', 'রনি মিয়া', '01920623748', 'ronym2930@gmail.com', 'মোঃ ময়না বেপারী', 'নাছিমা খাতুন', '5554685445', '1998-11-10', NULL, NULL, NULL, NULL, 1, 0, '0', 0, '2021-04-12 09:33:24', NULL, NULL),
(63, '01909586002', 'fb78dcecdac75749a8b00f6bdc64904c', 'মোছাঃ সোনিয়া খাতুন', '01909586002', 'easif12@gmail.com', 'মোঃ শুকুর প্রাং', 'মোছাঃ আলেয়া বেগম', '06903371372', '1997-08-14', NULL, NULL, NULL, NULL, 1, 0, '0', 0, '2021-04-12 09:34:11', NULL, NULL),
(64, '01575267592', 'abbb167e158be7285afee44a3ff9ed8b', 'মুহাইমিনুল', '01575267592', NULL, 'মোঃ ইউনুচ মিয়া', 'রহিমন নেছা', '2865014126', '2000-08-01', NULL, NULL, NULL, NULL, 1, 0, '0', 0, '2021-04-12 10:04:10', NULL, NULL),
(65, '01303799479', 'e3c01d9e9d57b07aea88881b991edfbf', 'নুরুল হুদা', '01303799479', NULL, 'শাহ আলম খান', 'নুর জাহান বেগম', '5958998055', '1996-12-01', NULL, NULL, NULL, NULL, 1, 0, '0', 0, '2021-04-12 10:42:43', NULL, NULL),
(66, '01730330009', '3b8d168b2cc06a2a8b91680458ea8773', 'ইন্টারক্লাউড লিমিটেড', '01730330009', NULL, '', '', NULL, '0000-00-00', NULL, NULL, NULL, NULL, 1, 0, '0', 0, '2021-04-12 10:58:23', NULL, NULL),
(67, '01745926467', '41557e2dbba9eca63e5349883b1361dd', 'মোঃ নুরুল ইসলাম মাওলানা', '01745926467', 'suhanurrahman.r@gmail.com', 'নোওয়াজ আলী  মন্ডল', 'মোছাঃ রমিছা খাতুন', '6112089450886', '1973-01-15', NULL, NULL, NULL, NULL, 1, 0, '0', 0, '2021-04-12 11:47:41', NULL, NULL),
(76, '01912383299', 'd6db73997254a70b1b0b44fa81e53c11', 'মোঃ মঞ্জুর মোর্শেদ ওবায়েদ উল্ল্যাহ', '01912383299', NULL, 'জয়নাল আবেদীন', 'শামীম আরা', '1939924229', '1991-03-30', 'সেনপাড়া,ঢাকা উত্তর সিটি কর্পোরেশন,ঢাকা,ঢাকা', NULL, NULL, 'https://prportal.nidw.gov.bd/file-29/7/3/7/aca499a6-7373-4e22-abec-efb252485c78/Photo-aca499a6-7373-4e22-abec-efb252485c78.jpg?X-Amz-Algorithm=AWS4-HMAC-SHA256&X-Amz-Credential=fileobj%2F20210412%2Fus-east-1%2Fs3%2Faws4_request&X-Amz-Date=20210412T130639Z&X-Amz-Expires=120&X-Amz-SignedHeaders=host&X-Amz-Signature=ea0bb3e6b4fb97d0ba7d0aab2c69855c69379cfdf09add0cff4b3be89a36fb44', 1, 0, '0', 0, '2021-04-12 13:03:56', NULL, NULL),
(82, '01737760337', '87b8bfc577d13b4ebdc908669cedb300', 'মোঃ মাফিজুর রহমান', '01737760337', NULL, 'মোঃ আতিয়ার রহমান', 'মোছাঃ শাহানারা বেগম', '2388160141', '1992-01-07', 'পলাশপোল,সাতক্ষীরা পৌরসভা,সাতক্ষীরা,খুলনা', NULL, NULL, 'https://prportal.nidw.gov.bd/file-81/5/2/4/d809aae3-8549-4a58-b6e1-fc264b906b6c/Photo-d809aae3-8549-4a58-b6e1-fc264b906b6c.jpg?X-Amz-Algorithm=AWS4-HMAC-SHA256&X-Amz-Credential=fileobj%2F20210412%2Fus-east-1%2Fs3%2Faws4_request&X-Amz-Date=20210412T132033Z&X-Amz-Expires=120&X-Amz-SignedHeaders=host&X-Amz-Signature=b134c9ed8c64f3a7536e0c8b28886a0b1f272e7928fbbdebbb6dafa811d229dc', 1, 0, '0', 0, '2021-04-12 13:17:51', NULL, NULL),
(90, '01738051124', '6742a4cf13b6c0e29abdb8143613de73', 'মোছাঃ সোনিয়া খাতুন', '01738051124', NULL, 'মোঃ শুকুর প্রাং', 'মোছাঃ আলেয়া বেগম', '6903371372-', '1997-08-14', ',হেমায়েতপুর,পাবনা,রাজশাহী', NULL, 'female', 'https://prportal.nidw.gov.bd/file-94/d/0/5/66f5b99e-36e5-4ca9-ae25-fd93d706642c/Photo-66f5b99e-36e5-4ca9-ae25-fd93d706642c.jpg?X-Amz-Algorithm=AWS4-HMAC-SHA256&X-Amz-Credential=fileobj%2F20210424%2Fus-east-1%2Fs3%2Faws4_request&X-Amz-Date=20210424T091438Z&X-Amz-Expires=120&X-Amz-SignedHeaders=host&X-Amz-Signature=896a68853ec7c13f6ff0be1d3acbefd66bd3adebfd887a01c4a7e50a3a4aaf26', 1, 0, '0', 0, '2021-04-24 09:14:38', NULL, NULL),
(96, '01756443482', '98f7489d3bb5c68704cfc17da4ac3e8c', 'কে বি এম মঈনুল হাসান', '01756443482', NULL, 'মজিবর রহমান বিশ্বাস', ' রাহিমা রহমান', '19715624607137999', '1971-03-04', '১৭৮, বেউথা রোড,মানিকগঞ্জ,মানিকগঞ্জ,ঢাকা', NULL, 'male', '19715624607137999.jpg', 1, 0, '0', 0, '2021-04-25 10:42:07', NULL, NULL),
(103, '01670194563', '83cfd88a1aebea07a6b00fb73631dadb', 'মাহিনুর রাইয়ান মরতুজা', '01670194563', NULL, 'মোঃ মরতুজার রহমান', 'মোছাঃ মেহেরুন মরতুজা', '19922693004000626', '1992-02-27', ', মিরপুর-১২১৬, কাফরুল, ঢাকা, ঢাকা', NULL, 'male', '19922693004000626.jpg', 1, 0, '0', 0, '2021-04-29 06:25:00', NULL, NULL),
(104, '01970776606', '25d55ad283aa400af464c76d713c07ad', 'কে, বি, এম, কামরুল হাসান', '01970776606', NULL, 'মজিবর রহমান বিশ্বাস', 'রাহিমা রহমান', '0007305382520', '1956-12-31', ', মানিকগঞ্জ-1800, মানিকগঞ্জ সদর, মানিকগঞ্জ, ঢাকা', NULL, 'male', '7305382520.jpg', 0, 0, '0', 0, '2021-04-29 06:41:25', NULL, NULL),
(105, '01515293030', '25d55ad283aa400af464c76d713c07ad', 'মোঃ জুয়েল আলী', '01515293030', NULL, 'মোঃ ফারাজ উদ্দীন', 'মনোয়ারা', '5513761154', '1993-10-15', 'লক্ষীপুর, সরদার পাড়া, মির্জাপুর-৫০৪০, আটোয়ারী, পঞ্চগড়, ', NULL, 'male', 'dummy_user.png', 1, 0, '0', 1, '2023-02-02 03:45:01', NULL, NULL),
(120, '01767056733', '6b0d0d886d03b4d2eeef520c8e9dc961', 'ইমতিয়াজ আহম্মেদ', '01767056733', NULL, 'রেজাউল ইসলাম', 'সেলিনা আকতার', '4209176249', '1999-11-23', '০, নিশিন্দারা মন্ডলপাড়া, মন্ডলপাড়া, বগুড়া সদর-৫৮০০, বগুড়া সদর, বগুড়া, ', NULL, 'male', 'dummy_user.png', 1, 0, '0', 1, '2023-10-10 04:12:15', '', NULL);

-- --------------------------------------------------------

--
-- Table structure for table `failed_jobs`
--

CREATE TABLE `failed_jobs` (
  `id` bigint(20) UNSIGNED NOT NULL,
  `uuid` varchar(255) NOT NULL,
  `connection` text NOT NULL,
  `queue` text NOT NULL,
  `payload` longtext NOT NULL,
  `exception` longtext NOT NULL,
  `failed_at` timestamp NOT NULL DEFAULT current_timestamp()
) ENGINE=InnoDB DEFAULT CHARSET=utf8mb4 COLLATE=utf8mb4_unicode_ci;

-- --------------------------------------------------------

--
-- Table structure for table `group_list`
--

CREATE TABLE `group_list` (
  `id` bigint(20) UNSIGNED NOT NULL,
  `group_name` varchar(255) DEFAULT NULL,
  `type` varchar(255) DEFAULT NULL,
  `updated_by` varchar(255) DEFAULT NULL,
  `created_by` varchar(255) DEFAULT NULL,
  `created_at` timestamp NULL DEFAULT NULL,
  `updated_at` timestamp NULL DEFAULT NULL
) ENGINE=InnoDB DEFAULT CHARSET=utf8mb4 COLLATE=utf8mb4_unicode_ci;

--
-- Dumping data for table `group_list`
--

INSERT INTO `group_list` (`id`, `group_name`, `type`, `updated_by`, `created_by`, `created_at`, `updated_at`) VALUES
(1, '৩ বছর বকেয়া হোল্ডার', 'defined', NULL, NULL, '2023-12-20 08:31:52', '2023-12-20 08:31:52'),
(3, 'My Group', 'customized', NULL, NULL, '2023-12-21 03:55:54', '2023-12-21 03:55:54'),
(5, 'Second Test Group', 'customized', NULL, NULL, '2023-12-24 10:22:11', '2023-12-24 10:22:11'),
(6, '২ বছর বকেয়া হোল্ডার', 'defined', NULL, NULL, '2023-12-24 10:22:11', '2023-12-24 10:22:11');

-- --------------------------------------------------------

--
-- Table structure for table `group_notification_format_list`
--

CREATE TABLE `group_notification_format_list` (
  `id` bigint(20) UNSIGNED NOT NULL,
  `group_id` bigint(20) DEFAULT NULL,
  `notification_format_id` bigint(20) DEFAULT NULL,
  `created_by` varchar(255) DEFAULT NULL,
  `updated_by` varchar(255) DEFAULT NULL,
  `created_at` timestamp NULL DEFAULT NULL,
  `updated_at` timestamp NULL DEFAULT NULL
) ENGINE=InnoDB DEFAULT CHARSET=utf8mb4 COLLATE=utf8mb4_unicode_ci;

-- --------------------------------------------------------

--
-- Table structure for table `ldtax_holding_owners`
--

CREATE TABLE `ldtax_holding_owners` (
  `id` bigint(20) NOT NULL,
  `citizen_id` int(11) NOT NULL DEFAULT 0,
  `ldtax_holding_id` bigint(20) NOT NULL,
  `office_id` int(11) DEFAULT NULL,
  `division_id` smallint(6) DEFAULT NULL,
  `district_id` mediumint(9) DEFAULT NULL,
  `upazila_id` mediumint(9) DEFAULT NULL,
  `mouja_id` int(11) DEFAULT NULL,
  `org_type` int(11) DEFAULT 0,
  `org_name` int(11) DEFAULT 0,
  `org_user_des` varchar(150) DEFAULT NULL,
  `org_user_numb` varchar(20) DEFAULT NULL,
  `name` varchar(255) DEFAULT NULL,
  `father_name` varchar(255) DEFAULT NULL,
  `address` varchar(255) DEFAULT NULL,
  `mobile_no` varchar(20) DEFAULT NULL,
  `email` varchar(255) DEFAULT NULL,
  `nid` varchar(20) DEFAULT NULL,
  `photo` varchar(255) DEFAULT NULL,
  `land_portion` float DEFAULT NULL,
  `tax_clear_year` int(11) DEFAULT NULL,
  `created` datetime DEFAULT NULL,
  `modified` timestamp NOT NULL DEFAULT current_timestamp()
) ENGINE=InnoDB DEFAULT CHARSET=utf8 COLLATE=utf8_general_ci;

--
-- Dumping data for table `ldtax_holding_owners`
--

INSERT INTO `ldtax_holding_owners` (`id`, `citizen_id`, `ldtax_holding_id`, `office_id`, `division_id`, `district_id`, `upazila_id`, `mouja_id`, `org_type`, `org_name`, `org_user_des`, `org_user_numb`, `name`, `father_name`, `address`, `mobile_no`, `email`, `nid`, `photo`, `land_portion`, `tax_clear_year`, `created`, `modified`) VALUES
(1, 61, 1, 32, 7, 62, 429, 39079, 0, 0, NULL, NULL, 'Karim', 'Rahim', '', '01923458399', '', '1', NULL, 0.5, 2016, '2020-10-22 13:31:19', '2020-10-22 07:31:19'),
(2, 61, 1, 32, 7, 62, 429, 39079, 0, 0, NULL, NULL, 'Juel', 'Fazlul Karim', '', '01923458399', '', '', NULL, 0.5, 2016, '2020-10-22 13:31:19', '2020-10-22 07:31:19'),
(3, 0, 2, 32, 7, 62, 429, 39079, 0, 0, NULL, NULL, 'trakib', 'adbaksdj', '', '01923458399', '', '', NULL, 0.2, 2016, '2020-10-22 13:37:09', '2020-10-22 07:37:09'),
(4, 0, 2, 32, 7, 62, 429, 39079, 0, 0, NULL, NULL, 'jgfjljh', 'jklhflgh', '', NULL, '', '', NULL, 0.8, 2016, '2020-10-22 13:37:09', '2020-10-22 07:37:09'),
(5, 63, 3, 32, 7, 62, 429, 39080, 0, 0, NULL, NULL, 'ইমদাদ', 'ইমদাদ', '', '01912383299', 'imdad@test.com', '1239871232', NULL, 0.5, 2016, '2020-11-03 11:57:53', '2020-11-03 05:57:53'),
(6, 63, 3, 32, 7, 62, 429, 39080, 0, 0, NULL, NULL, 'জুয়েল', 'জুয়েল', '', '০১৯১২৩৮৫৮৯৩', 'juel@test.com', '098435123১', NULL, 0.5, 2016, '2020-11-03 11:57:53', '2020-11-03 05:57:53'),
(7, 0, 4, 32, 7, 62, 429, 39081, 0, 0, NULL, NULL, 'test', 'test father', '', '01923458392', 'test@test.com', '1234567908', NULL, 1, 2016, '2020-11-04 15:27:10', '2020-11-04 09:27:10'),
(8, 0, 5, 32, 7, 62, 429, 39083, 0, 0, NULL, NULL, 'Rayhan', 'Heaven', '', '02938412348', 'test@test.com', '12345670895', NULL, 1, 2015, '2020-11-04 15:30:27', '2020-11-04 09:30:27'),
(9, 0, 6, 32, 0, 62, 429, 39083, 0, 0, NULL, NULL, 'মাফিজ', 'test father', '', '01912838483', 'mr@test.com', '1234567890', NULL, 1, 2023, '2020-11-04 15:32:37', '2023-10-04 17:29:28'),
(10, 64, 7, 32, 7, 62, 429, 39079, 0, 0, NULL, NULL, 'vfg', 'fdfg', '', '01751894151', '', '', NULL, 1, 2014, '2020-11-12 10:00:10', '2020-11-12 10:38:42'),
(11, 0, 8, 32, 7, 62, 429, 39079, 0, 0, NULL, NULL, 'Ali P', 'gdf', '', '014722222', '', '', NULL, 1, 2014, '2020-11-12 10:42:29', '2020-11-12 10:42:29'),
(12, 0, 9, 32, 7, 62, 429, 39079, 0, 0, NULL, NULL, 'AQ', 'F', '', '52435346456', '', '', NULL, 1, 2014, '2020-11-12 11:08:58', '2020-11-12 11:08:58'),
(13, 65, 10, 32, 7, 62, 429, 39079, 0, 0, NULL, NULL, 'AQ', 'F', '', '52435346456', '', '', NULL, 1, 2014, '2020-11-12 11:10:23', '2020-11-12 11:10:23'),
(14, 0, 11, 32, 7, 62, 429, 39080, 0, 0, NULL, NULL, 'WWW', 'W', '', '13232323', '', '', NULL, 1, 2018, '2020-11-12 11:45:58', '2020-11-12 11:45:58'),
(15, 0, 12, 32, 7, 62, 429, 39081, 0, 0, NULL, NULL, 'VVV', 'V', '', '34234234324', '', '', NULL, 1, 2018, '2020-11-12 11:48:10', '2020-11-12 11:48:10'),
(16, 0, 13, 32, 7, 62, 429, 39079, 0, 0, NULL, NULL, 'Abdul', 'Samad', '', '01711111111', '', '', NULL, 0.2, 2018, '2020-11-22 11:55:54', '2020-12-19 11:46:34'),
(17, 0, 13, 32, 7, 62, 429, 39079, 0, 0, NULL, NULL, 'Zahid', 'Boshir', '', '01711111111', '', '', NULL, 0.1, 2018, '2020-11-22 11:55:54', '2020-12-19 11:46:34'),
(18, 0, 13, 32, 7, 62, 429, 39079, 0, 0, NULL, NULL, 'Azad', 'Boshir', '', '01711111111', '', '', NULL, 0.5, 2018, '2020-11-22 11:55:54', '2020-12-19 11:46:34'),
(19, 0, 13, 32, 7, 62, 429, 39079, 0, 0, NULL, NULL, 'Dobirul', 'Boshir', '', '01711111111', '', '', NULL, 0.2, 2018, '2020-11-22 11:55:54', '2020-12-19 11:46:34'),
(20, 14, 14, NULL, NULL, NULL, NULL, 27008, 0, 0, NULL, NULL, 'ঈশা খাঁন', 'খাঁন', '', '01515293030', '', '', NULL, 0.365, 2018, '2020-12-27 11:17:06', '2020-12-27 11:57:32'),
(21, 15, 14, NULL, NULL, NULL, NULL, 27008, 0, 0, NULL, NULL, 'ঈ খাঁন', 'খাঁন', '', '01515293030', '', '', NULL, 0.635, 2018, '2020-12-27 11:17:06', '2020-12-27 11:57:32'),
(22, 16, 15, NULL, NULL, NULL, NULL, 27008, 0, 0, NULL, NULL, 'ঈশা খাঁন', 'খাঁন', '', '01515293030', '', '', NULL, 0.365, 2014, '2020-12-27 11:27:50', '2020-12-27 11:54:44'),
(23, 17, 15, NULL, NULL, NULL, NULL, 27008, 0, 0, NULL, NULL, 'শান খাঁন', 'খাঁন', '', '01515293030', '', '', NULL, 0.635, 2013, '2020-12-27 11:27:50', '2020-12-27 11:54:44'),
(24, 18, 16, NULL, NULL, NULL, NULL, 27008, 0, 16, NULL, NULL, 'X', 'F', '', '01700000000', '', '', NULL, 0.6, 2020, '2020-12-29 17:32:13', '2020-12-29 17:32:13'),
(25, 19, 16, NULL, NULL, NULL, NULL, 27008, 0, 16, NULL, NULL, 'Y', 'F', '', '01300000000', '', '', NULL, 0.4, 2020, '2020-12-29 17:32:13', '2020-12-29 17:32:13'),
(26, 105, 32, 32, 7, 62, 429, 39083, 0, 0, NULL, NULL, 'মোঃ জুয়েল আলী', 'মোঃ ফারাজ উদ্দীন', 'লক্ষীপুর, সরদার পাড়া, মির্জাপুর-৫০৪০, আটোয়ারী, পঞ্চগড়, ', '01738051123', '', '5513761154', NULL, 1, 2018, '2021-04-29 17:19:58', '2021-04-29 17:19:58'),
(27, 0, 33, 32, 7, 62, 429, 39083, 0, 0, NULL, NULL, 'Z', 'F', '', '01738051123', '', '', NULL, 0.096, 2018, '2021-06-03 13:13:50', '2021-06-03 13:13:50'),
(28, 0, 33, 32, 7, 62, 429, 39083, 0, 0, NULL, NULL, 'Z2', 'F', '', '01738051123', '', '', NULL, 0.096, 2018, '2021-06-03 13:13:50', '2021-06-03 13:13:50'),
(29, 0, 33, 32, 7, 62, 429, 39083, 0, 0, NULL, NULL, 'Z3', 'F', '', '01738051123', '', '', NULL, 0.096, 2018, '2021-06-03 13:13:50', '2021-06-03 13:13:50'),
(30, 0, 33, 32, 7, 62, 429, 39083, 0, 0, NULL, NULL, 'Z4', 'F', '', '01738051123', '', '', NULL, 0.096, 2018, '2021-06-03 13:13:50', '2021-06-03 13:13:50'),
(31, 0, 33, 32, 7, 62, 429, 39083, 0, 0, NULL, NULL, 'Z5', 'F', '', '01738051123', '', '', NULL, 0.096, 2018, '2021-06-03 13:13:50', '2021-06-03 13:13:50'),
(32, 0, 33, 32, 7, 62, 429, 39083, 0, 0, NULL, NULL, 'Z6', 'F', '', '01738051123', '', '', NULL, 0.119, 2018, '2021-06-03 13:13:50', '2021-06-03 13:13:50'),
(33, 0, 33, 32, 7, 62, 429, 39083, 0, 0, NULL, NULL, 'Z7', 'F', '', '01738051123', '', '', NULL, 0.119, 2018, '2021-06-03 13:13:50', '2021-06-03 13:13:50'),
(34, 0, 33, 32, 7, 62, 429, 39083, 0, 0, NULL, NULL, 'Z8', 'F', '', '01738051123', '', '', NULL, 0.201, 2018, '2021-06-03 13:13:50', '2021-06-03 13:13:50'),
(35, 0, 33, 32, 7, 62, 429, 39083, 0, 0, NULL, NULL, 'Z9', 'F', '', '01738051123', '', '', NULL, 0.019, 2018, '2021-06-03 13:13:50', '2021-06-03 13:13:50'),
(36, 0, 33, 32, 7, 62, 429, 39083, 0, 0, NULL, NULL, 'Z10', 'F', '', '01738051123', '', '', NULL, 0.062, 2018, '2021-06-03 13:13:50', '2021-06-03 13:13:50'),
(37, 0, 34, 32, 7, 62, 429, 39083, 0, 0, NULL, NULL, 'Za1', 'F', '', '01515293030', '', '', NULL, 0.091, 2018, '2021-06-03 15:15:10', '2021-06-03 15:15:10'),
(38, 0, 34, 32, 7, 62, 429, 39083, 0, 0, NULL, NULL, 'Za2', 'F', '', '01515293030', '', '', NULL, 0.092, 2018, '2021-06-03 15:15:10', '2021-06-03 15:15:10'),
(39, 0, 34, 32, 7, 62, 429, 39083, 0, 0, NULL, NULL, 'Za3', 'F', '', '01515293030', '', '', NULL, 0.052, 2018, '2021-06-03 15:15:10', '2021-06-03 15:15:10'),
(40, 0, 34, 32, 7, 62, 429, 39083, 0, 0, NULL, NULL, 'Za4', 'F', '', '01515293030', '', '', NULL, 0.009, 2018, '2021-06-03 15:15:10', '2021-06-03 15:15:10'),
(41, 0, 34, 32, 7, 62, 429, 39083, 0, 0, NULL, NULL, 'Za5', 'F', '', '01515293030', '', '', NULL, 0.085, 2018, '2021-06-03 15:15:10', '2021-06-03 15:15:10'),
(42, 0, 34, 32, 7, 62, 429, 39083, 0, 0, NULL, NULL, 'Za6', 'F', '', '01515293030', '', '', NULL, 0.201, 2018, '2021-06-03 15:15:10', '2021-06-03 15:15:10'),
(43, 0, 34, 32, 7, 62, 429, 39083, 0, 0, NULL, NULL, 'Za7', 'F', '', '01515293030', '', '', NULL, 0.084, 2018, '2021-06-03 15:15:10', '2021-06-03 15:15:10'),
(44, 0, 34, 32, 7, 62, 429, 39083, 0, 0, NULL, NULL, 'Za8', 'F', '', '01515293030', '', '', NULL, 0.032, 2018, '2021-06-03 15:15:10', '2021-06-03 15:15:10'),
(45, 0, 34, 32, 7, 62, 429, 39083, 0, 0, NULL, NULL, 'Za9', 'F', '', '01515293030', '', '', NULL, 0.012, 2018, '2021-06-03 15:15:10', '2021-06-03 15:15:10'),
(46, 0, 34, 32, 7, 62, 429, 39083, 0, 0, NULL, NULL, 'Za10', 'F', '', '01515293030', '', '', NULL, 0.019, 2018, '2021-06-03 15:15:10', '2021-06-03 15:15:10'),
(47, 0, 34, 32, 7, 62, 429, 39083, 0, 0, NULL, NULL, 'Za11', 'F', '', '01515293030', '', '', NULL, 0.025, 2018, '2021-06-03 15:15:10', '2021-06-03 15:15:10'),
(48, 0, 34, 32, 7, 62, 429, 39083, 0, 0, NULL, NULL, 'Za12', 'F', '', '01515293030', '', '', NULL, 0.026, 2018, '2021-06-03 15:15:10', '2021-06-03 15:15:10'),
(49, 0, 34, 32, 7, 62, 429, 39083, 0, 0, NULL, NULL, 'Za13', 'F', '', '01515293030', '', '', NULL, 0.272, 2018, '2021-06-03 15:15:10', '2021-06-03 15:15:10'),
(50, 108, 35, 32, 7, 62, 429, 39083, 0, 0, NULL, NULL, 'মোঃ জুয়েল আলী', 'মোঃ ফারাজ উদ্দীন', 'লক্ষীপুর, সরদার পাড়া, মির্জাপুর-৫০৪০, আটোয়ারী, পঞ্চগড়, ', '01738051123', '', '5513761154', NULL, 1, 2019, '2021-06-05 12:57:46', '2021-06-05 12:57:46'),
(51, 0, 30545, 446, 3, 13, 55, 28534, 0, 0, NULL, NULL, '0', '0', '', '00000000', '', '', NULL, 1, 2019, '2021-06-09 13:10:30', '2021-06-09 13:10:30'),
(52, 11, 32450, 32, 0, 62, 429, 39083, 0, 0, NULL, NULL, 'মোঃ মুনির হোসেন', 'মোঃ আব্দুল মালেক', '', '01738051123', 'munir019@yahoo.com', '6427882573', NULL, 1, 2022, '2021-08-16 12:42:40', '2022-06-29 11:39:13'),
(53, 67, 32451, 32, 0, 62, 429, 39083, 6, 156, 'প্রধান শিক্ষক', '01715715383', NULL, NULL, 'বিভাগ: রাজশাহী, জেলা: নওগাঁ, উপজেলা: নওগাঁ সদর', '01715715383', 'mubc@gmail.com', NULL, NULL, 1, 2013, '2023-01-30 11:59:02', '2023-01-30 11:59:02'),
(54, 0, 32452, 32, 0, 62, 429, 39083, 6, 156, 'প্রধান শিক্ষক', '01515293031', 'test', NULL, 'বিভাগ: সদর', '01515293031', 'mubc@gmail.com', NULL, NULL, 1, 2020, '2023-01-30 16:49:21', '2023-11-07 14:47:38'),
(116, 115, 32453, 32, 0, 62, 429, 39083, NULL, NULL, NULL, NULL, 'ইমতিয়াজ আহম্মেদ', 'রেজাউল ইসলাম', '০, নিশিন্দারা মন্ডলপাড়া, মন্ডলপাড়া, বগুড়া সদর-৫৮০০, বগুড়া সদর, বগুড়া, ', '01767056733', 'imtiaz.mysoftheaven@gmail.com', '4209176249', NULL, 0.5, 2022, '2023-09-18 17:48:33', '2023-10-31 10:47:31'),
(117, 0, 32453, 32, 0, 62, 429, 39083, NULL, NULL, NULL, NULL, 'test', 'try', '', '01987654321', '', '0987654321', NULL, 0.5, 2022, '2023-09-18 17:48:33', '2023-10-31 10:47:31'),
(118, 115, 32454, 32, 0, 62, 429, 39083, 2, 181, 'imtiaz', NULL, 'sakib', 'রেজাউল ইসলাম', 'বিভাগ: , জেলা: , উপজেলা: ', '01767056733', 'imtiaz.mysoftheaven@gmail.com', '4209176249', NULL, 1, 2022, '2023-09-18 17:51:21', '2023-10-12 17:14:36'),
(119, 115, 32455, 32, 0, 62, 429, 39083, NULL, NULL, NULL, NULL, 'ইমতিয়াজ', 'রেজাউল ইসলাম', 'বিভাগ: , জেলা: , উপজেলা: ', '01767056733', 'imtiaz.mysoftheaven@gmail.com', '4209176249', NULL, 0.3, 2021, '2023-09-18 17:56:25', '2023-10-31 13:09:51'),
(120, 115, 32456, 32, 0, 62, 429, 39083, 0, 0, NULL, NULL, 'ইমতিয়াজ আহম্মেদ', 'রেজাউল ইসলাম', '০, নিশিন্দারা মন্ডলপাড়া, মন্ডলপাড়া, বগুড়া সদর-৫৮০০, বগুড়া সদর, বগুড়া, ', '01767056733', 'imtiaz.mysoftheaven@gmail.com', '4209176249', NULL, 1, 2022, '2023-09-18 17:59:29', '2023-09-20 11:18:56'),
(121, 0, 32457, 32, 0, 62, 429, 39083, 22, 179, NULL, '01767056733', 'ইমতিয়াজ', NULL, 'বিভাগ: , জেলা: , উপজেলা: ', '01767056733', 'imtiaz.mysoftheaven@gmail.com', NULL, NULL, 1, 2022, '2023-09-20 10:32:07', '2023-09-27 17:36:34'),
(133, 0, 32415, 32, 0, 62, 429, 39083, NULL, NULL, NULL, '01767056733', 'imtiaz1', 'shekh', 'বিভাগ: , জেলা: , উপজেলা: ', '01767056733', 'imtiaz.mysoftheaven@gmail.com', '', '', NULL, 2020, '2023-09-26 14:39:58', '2023-10-23 18:08:51'),
(134, 0, 32414, 32, 0, 62, 429, 39083, 6, 183, 'im', '01767056733', 'imtiaz1', NULL, 'Dhaka', '01767056730', 'imtiaz.mysoftheaven@gmail.com', NULL, '', 1, 2021, '2023-10-03 10:16:33', '2023-11-23 12:29:18'),
(135, 0, 32426, 32, 0, 62, 429, 39083, 2, 181, 'junior', '01767056733', 'ahmed sakib', NULL, 'বিভাগ: , জেলা: , উপজেলা: ', '01767056733', 'imtiaz.mysoftheaven@gmail.com', NULL, '', NULL, 2022, '2023-10-04 15:16:17', '2023-10-23 18:04:08'),
(137, 0, 32430, 32, 0, 62, 429, 39083, 22, 179, 'junior', '01767056733', 'imtiaz', 'rezaul', 'বিভাগ: , জেলা: , উপজেলা: ', '01767056733', 'imtiaz.mysoftheaven@gmail.com', '1234567890', '', 1, 2021, '2023-10-04 15:29:36', '2023-10-04 15:42:29'),
(138, 0, 32458, 32, 0, 62, 429, 39083, 1, 184, 'jr', NULL, 'ahmed sakib', 'Mamun', 'বিভাগ: , জেলা: , উপজেলা: ', '01767056733', 'imtiaz@gmail.com', '1234567890', NULL, 1, 2022, '2023-10-05 10:03:26', '2023-10-23 14:47:00'),
(159, 0, 32470, 32, 0, 62, 429, 39083, 6, 183, 'jr', NULL, 'sakib', 'hasan', 'ঠিকানা', '01767056733', 'imtiaz.mysoftheaven@gmail.com', '1234567890', NULL, 1, 2020, '2023-10-09 17:43:45', '2023-10-22 12:32:54'),
(160, 115, 32471, 32, 0, 62, 429, 39083, 0, 0, NULL, NULL, 'ইমতিয়াজ আহম্মেদ', 'রেজাউল ইসলাম', '০, নিশিন্দারা মন্ডলপাড়া, মন্ডলপাড়া, বগুড়া সদর-৫৮০০, বগুড়া সদর, বগুড়া, ', '01767056733', 'imtiaz.mysoftheaven@gmail.com', '4209176249', NULL, 1, 2021, '2023-10-09 17:47:22', '2023-10-09 17:47:22'),
(161, 0, 32472, 32, 0, 62, 429, 39083, NULL, NULL, NULL, NULL, 'sakib', 'shekh', 'বিভাগ: , জেলা: , উপজেলা: ', '01767056733', 'imtiaz@gmail.com', '1134567899', NULL, 1, 2022, '2023-10-10 10:36:57', '2023-10-31 10:53:01'),
(163, 120, 32474, 32, 0, 62, 429, 39083, 0, NULL, 'জুনিয়র', NULL, 'ইমতিয়াজ আহম্মেদ', 'রেজাউল ইসলাম', '০, নিশিন্দারা মন্ডলপাড়া, মন্ডলপাড়া, বগুড়া সদর-৫৮০০, বগুড়া সদর, বগুড়া, ', '01767056733', '', '4209176249', NULL, 1, 2022, '2023-10-10 11:58:47', '2023-10-23 15:07:27'),
(164, 120, 32475, 32, 0, 62, 429, 39083, 0, 0, NULL, NULL, 'ইমতিয়াজ আহম্মেদ', 'রেজাউল ইসলাম', '০, নিশিন্দারা মন্ডলপাড়া, মন্ডলপাড়া, বগুড়া সদর-৫৮০০, বগুড়া সদর, বগুড়া, ', '01767056733', '', '4209176249', NULL, 1, 2021, '2023-10-10 12:00:16', '2023-10-10 12:00:16'),
(165, 0, 32476, 32, 0, 62, 429, 39083, NULL, NULL, NULL, NULL, 'সাকিব হাসান', 'shekh', 'বিভাগ: , জেলা: , উপজেলা: ', '01767056733', 'imtiaz@gmail.com', '1234567999', NULL, NULL, 2021, '2023-10-10 13:23:26', '2023-10-23 17:40:20'),
(166, 0, 32477, 32, 0, 62, 429, 39083, 1, 184, 'dr', NULL, 'rakib s', 'ali', 'mirpur', '01767056733', 'imtiaz.s@gmail.com', '1134567899', NULL, 1, 2020, '2023-10-11 12:03:55', '2023-10-23 15:13:16'),
(167, 0, 32478, 32, 0, 62, 429, 39083, 0, 0, NULL, NULL, 'Imtiaz A.', 'reza', '', '01987654321', '', '', NULL, 0.5, 2020, '2023-10-15 10:13:24', '2023-10-22 12:33:59'),
(168, 0, 32478, 32, 0, 62, 429, 39083, 0, 0, NULL, NULL, 'Imtiaz A. 2', 'reza 2', '', '01987654321', '', '', NULL, 0.5, 2020, '2023-10-15 10:13:24', '2023-10-22 12:33:59'),
(169, 0, 32479, 32, 0, 62, 429, 39083, 6, 183, 'jr', NULL, 'imtiaz', NULL, 'Dhaka', '01767056730', 'imtiaz.mysoftheaven@gmail.com', NULL, NULL, 1, 2020, '2023-10-15 10:15:13', '2023-11-23 12:34:30'),
(172, 0, 32480, 32, 0, 62, 429, 39083, 0, 0, NULL, NULL, 'imtiaz', 'lal', 'Dhaka', '01767056730', 'imtiaz.mysoftheaven@gmail.com', '', NULL, 1, 2020, '2023-10-15 11:12:58', '2023-11-23 12:33:29'),
(173, 0, 32481, 32, 0, 62, 429, 39083, 0, 0, NULL, NULL, 'ইমতিয়াজ আহম্মেদ', 'রেজাউল ইসলাম', '০, নিশিন্দারা মন্ডলপাড়া, মন্ডলপাড়া, বগুড়া সদর-৫৮০০, বগুড়া সদর, বগুড়া;', '01767056733', '', '4209176249', NULL, 1, 2022, '2023-10-16 14:53:53', '2023-10-16 14:53:53'),
(174, 0, 32482, 32, 0, 62, 429, 39083, 1, 184, 'jr', NULL, 'jr imtiaz s', NULL, 'বিভাগ: , জেলা: , উপজেলা: ', '01767056733', 'imtiaz@gmail.com', NULL, NULL, 1, 2022, '2023-10-22 18:13:18', '2023-10-22 18:20:17'),
(175, 0, 32483, 32, 0, 62, 429, 39083, 6, 184, 'jr', NULL, 'sakib ahmed', NULL, 'Bogura', '01887654321', 'imtiaz.s@gmail.com', NULL, NULL, 1, 2021, '2023-10-23 11:47:38', '2023-10-23 15:09:27'),
(176, 0, 32484, 32, 0, 62, 429, 39083, 1, 184, 'jr', NULL, 'sakib', 'Lalon', 'বিভাগ: , জেলা: , উপজেলা: ', '01767056733', 'imtiaz@gmail.com', '2234567890', NULL, 1, 2022, '2023-10-23 16:16:52', '2023-10-23 16:17:41'),
(177, 0, 32485, 32, 0, 62, 429, 39083, 1, 180, 'jr', NULL, 'ahmed sakib', NULL, 'বিভাগ: , জেলা: , উপজেলা: ', '01767056733', 'imtiaz.mysoftheaven@gmail.com', NULL, NULL, 1, 2022, '2023-10-23 18:11:41', '2023-11-15 18:40:04'),
(178, 0, 32486, 32, 0, 62, 429, 39083, 0, 0, NULL, NULL, 'rakib', 'hasan', '', '01987654321', '', '', NULL, 1, 2022, '2023-10-30 16:06:34', '2023-10-30 16:06:34'),
(181, 0, 32455, 32, 0, 62, 429, 39083, NULL, NULL, NULL, NULL, 'ইমতিয়াজ 2', 'রেজাউল 2', '', '01987654321', '', '', '', 0.3, 2021, '2023-10-31 11:37:15', '2023-10-31 13:09:51'),
(182, 0, 32455, 32, 0, 62, 429, 39083, NULL, NULL, NULL, NULL, 'ইমতিয়াজ 4', 'রেজাউল 4', '', '01987654321', '', '', '', 0.4, 2021, '2023-10-31 11:41:13', '2023-10-31 13:09:51'),
(183, 120, 32487, 32, 0, 62, 429, 39083, 0, 0, NULL, NULL, 'ইমতিয়াজ আহম্মেদ', 'রেজাউল ইসলাম', '০, নিশিন্দারা মন্ডলপাড়া, মন্ডলপাড়া, বগুড়া সদর-৫৮০০, বগুড়া সদর, বগুড়া, ', '01767056733', '', '4209176249', NULL, 1, 2022, '2023-10-31 17:08:36', '2023-10-31 17:08:36'),
(184, 0, 32473, 32, 0, 62, 429, 39083, 6, 183, 'jr', NULL, 'ইমতিয়াজ', NULL, 'Dhaka', '01767056730', 'imtiaz.mysoftheaven@gmail.com', NULL, '', 1, 2022, '2023-12-05 15:51:52', '2023-12-05 16:13:35'),
(185, 0, 32449, 32, 0, 62, 429, 39083, 0, 0, NULL, NULL, 'ইমতিয়াজ আহম্মেদ', 'রেজাউল ইসলাম', '০, নিশিন্দারা মন্ডলপাড়া, মন্ডলপাড়া, বগুড়া সদর-৫৮০০, বগুড়া সদর, বগুড়া, ', '01767056733', 'test@gmail.com', '4209176249', '', 1, 2021, '2023-12-07 12:06:13', '2023-12-07 12:06:13');

-- --------------------------------------------------------

--
-- Table structure for table `ldtax_holding_usable_information_tax`
--

CREATE TABLE `ldtax_holding_usable_information_tax` (
  `id` bigint(20) NOT NULL,
  `ldtax_holding_id` bigint(20) NOT NULL DEFAULT 0,
  `office_id` int(11) DEFAULT NULL,
  `division_id` smallint(6) DEFAULT NULL,
  `district_id` mediumint(9) DEFAULT NULL,
  `upazila_id` mediumint(9) DEFAULT NULL,
  `mouja_id` int(11) DEFAULT NULL,
  `ldtax_holding_usable_information_id` bigint(20) DEFAULT 0,
  `ldtax_holding_owner_id` bigint(20) NOT NULL DEFAULT 0,
  `ldtax_holding_land_schedule_id` bigint(20) NOT NULL DEFAULT 0,
  `dag_no` varchar(50) NOT NULL DEFAULT '0',
  `yearly_demand` float(11,2) DEFAULT NULL,
  `due_demand` float(11,2) DEFAULT NULL,
  `second_year_due_demand` float(11,2) DEFAULT NULL,
  `third_year_due_demand` float(11,2) DEFAULT NULL,
  `before_third_year_due_demand` float(11,2) DEFAULT NULL,
  `due_interest` float(11,2) DEFAULT NULL,
  `second_year_due_interest` float(11,2) DEFAULT NULL,
  `third_year_due_interest` float(11,2) DEFAULT NULL,
  `before_third_year_due_interest` float(11,2) DEFAULT NULL,
  `comments` varchar(255) DEFAULT NULL,
  `created_by` int(11) NOT NULL DEFAULT 0,
  `status` tinyint(1) NOT NULL DEFAULT 1,
  `created` datetime DEFAULT NULL,
  `modified` timestamp NOT NULL DEFAULT current_timestamp(),
  `is_update` tinyint(4) NOT NULL DEFAULT 0
) ENGINE=InnoDB DEFAULT CHARSET=utf8 COLLATE=utf8_general_ci;

--
-- Dumping data for table `ldtax_holding_usable_information_tax`
--

INSERT INTO `ldtax_holding_usable_information_tax` (`id`, `ldtax_holding_id`, `office_id`, `division_id`, `district_id`, `upazila_id`, `mouja_id`, `ldtax_holding_usable_information_id`, `ldtax_holding_owner_id`, `ldtax_holding_land_schedule_id`, `dag_no`, `yearly_demand`, `due_demand`, `second_year_due_demand`, `third_year_due_demand`, `before_third_year_due_demand`, `due_interest`, `second_year_due_interest`, `third_year_due_interest`, `before_third_year_due_interest`, `comments`, `created_by`, `status`, `created`, `modified`, `is_update`) VALUES
(1, 1, 32, 7, 62, 429, 39079, 1, 1, 0, '0', 0.00, 0.00, 0.00, 115.00, 0.00, 0.00, 0.00, 0.00, 0.00, NULL, 0, 1, '2020-10-22 13:31:19', '2020-10-22 07:31:19', 0),
(2, 1, 32, 7, 62, 429, 39079, 1, 2, 0, '0', 0.00, 0.00, 0.00, 225.00, 0.00, 0.00, 0.00, 0.00, 0.00, NULL, 0, 1, '2020-10-22 13:31:19', '2020-10-22 07:31:19', 0),
(3, 2, 32, 7, 62, 429, 39079, 2, 3, 0, '0', 0.00, 0.00, 0.00, 0.00, 0.00, 0.00, 0.00, 0.00, 0.00, NULL, 0, 1, '2020-10-22 13:37:09', '2020-10-22 07:40:28', 0),
(4, 2, 32, 7, 62, 429, 39079, 2, 4, 0, '0', 0.00, 0.00, 0.00, 0.00, 0.00, 0.00, 0.00, 0.00, 0.00, NULL, 0, 1, '2020-10-22 13:37:09', '2020-10-22 07:40:28', 0),
(5, 2, 32, 7, 62, 429, 39079, 3, 3, 0, '0', 1000.00, 1000.00, 1000.00, 0.00, 0.00, 63.00, 125.00, 0.00, 0.00, NULL, 0, 1, '2020-10-22 13:37:09', '2020-10-22 07:40:28', 0),
(7, 3, 32, 7, 62, 429, 39080, 4, 5, 0, '0', 2000.00, 2000.00, 2000.00, 395.00, 0.00, 125.00, 250.00, 375.00, 0.00, NULL, 0, 1, '2020-11-03 11:57:53', '2020-11-03 05:57:53', 0),
(8, 3, 32, 7, 62, 429, 39080, 4, 6, 0, '0', 2000.00, 2000.00, 2000.00, 1920.00, 0.00, 125.00, 250.00, 375.00, 0.00, NULL, 0, 1, '2020-11-03 11:57:53', '2020-11-03 05:57:53', 0),
(9, 4, 32, 7, 62, 429, 39081, 5, 7, 0, '0', 0.00, 0.00, 0.00, 0.00, 0.00, 0.00, 0.00, 0.00, 0.00, NULL, 0, 1, '2020-11-04 15:27:10', '2020-11-04 09:27:10', 0),
(10, 5, 32, 7, 62, 429, 39083, 6, 8, 0, '0', 0.00, 0.00, 0.00, 0.00, 0.00, 0.00, 0.00, 0.00, 0.00, NULL, 0, 1, '2020-11-04 15:30:27', '2020-11-04 09:30:27', 0),
(13, 7, 32, 7, 62, 429, 39079, 8, 10, 0, '0', 500.00, 500.00, 500.00, 500.00, 1000.00, 32.00, 63.00, 94.00, 282.00, NULL, 0, 1, '2020-11-12 10:38:42', '2020-11-12 11:08:08', 0),
(14, 8, 32, 7, 62, 429, 39079, 9, 11, 0, '0', 0.00, 0.00, 0.00, 0.00, 0.00, 0.00, 0.00, 0.00, 0.00, NULL, 0, 1, '2020-11-12 10:42:29', '2020-11-12 10:50:14', 0),
(15, 9, 32, 7, 62, 429, 39079, 10, 12, 0, '0', 0.00, 0.00, 0.00, 0.00, 0.00, 0.00, 0.00, 0.00, 0.00, NULL, 0, 1, '2020-11-12 11:08:58', '2020-11-12 11:08:58', 0),
(16, 10, 32, 7, 62, 429, 39079, 11, 13, 0, '0', 500.00, 500.00, 500.00, 500.00, 950.00, 32.00, 63.00, 94.00, 282.00, NULL, 0, 1, '2020-11-12 11:10:23', '2020-11-12 11:10:23', 0),
(17, 11, 32, 7, 62, 429, 39080, 12, 14, 0, '0', 50.00, 50.00, 0.00, 0.00, 0.00, 4.00, 0.00, 0.00, 0.00, NULL, 0, 1, '2020-11-12 11:45:58', '2020-11-12 11:45:58', 0),
(18, 12, 32, 7, 62, 429, 39081, 13, 15, 0, '0', 50.00, 50.00, 0.00, 0.00, 0.00, 4.00, 0.00, 0.00, 0.00, NULL, 0, 1, '2020-11-12 11:48:10', '2020-11-12 11:48:10', 0),
(19, 13, NULL, NULL, NULL, NULL, 27008, 14, 16, 0, '0', 1500.00, 1500.00, 0.00, 0.00, 0.00, 94.00, 0.00, 0.00, 0.00, NULL, 0, 1, '2020-12-19 11:46:34', '2020-12-19 11:46:34', 0),
(20, 13, NULL, NULL, NULL, NULL, 27008, 14, 17, 0, '0', 750.00, 750.00, 0.00, 0.00, 0.00, 47.00, 0.00, 0.00, 0.00, NULL, 0, 1, '2020-12-19 11:46:34', '2020-12-19 11:46:34', 0),
(21, 13, NULL, NULL, NULL, NULL, 27008, 14, 18, 0, '0', 3750.00, 3750.00, 0.00, 0.00, 0.00, 235.00, 0.00, 0.00, 0.00, NULL, 0, 1, '2020-12-19 11:46:34', '2020-12-19 11:46:34', 0),
(22, 13, NULL, NULL, NULL, NULL, 27008, 14, 19, 0, '0', 1500.00, 1500.00, 0.00, 0.00, 0.00, 94.00, 0.00, 0.00, 0.00, NULL, 0, 1, '2020-12-19 11:46:34', '2020-12-19 11:46:34', 0),
(23, 13, NULL, NULL, NULL, NULL, 27008, 15, 16, 0, '0', 750.00, 750.00, 0.00, 0.00, 0.00, 47.00, 0.00, 0.00, 0.00, NULL, 0, 1, '2020-12-19 11:46:34', '2020-12-19 11:46:34', 0),
(24, 13, NULL, NULL, NULL, NULL, 27008, 15, 17, 0, '0', 375.00, 375.00, 0.00, 0.00, 0.00, 24.00, 0.00, 0.00, 0.00, NULL, 0, 1, '2020-12-19 11:46:34', '2020-12-19 11:46:34', 0),
(25, 13, NULL, NULL, NULL, NULL, 27008, 15, 18, 0, '0', 1875.00, 1875.00, 0.00, 0.00, 0.00, 118.00, 0.00, 0.00, 0.00, NULL, 0, 1, '2020-12-19 11:46:34', '2020-12-19 11:46:34', 0),
(26, 13, NULL, NULL, NULL, NULL, 27008, 15, 19, 0, '0', 750.00, 750.00, 0.00, 0.00, 0.00, 47.00, 0.00, 0.00, 0.00, NULL, 0, 1, '2020-12-19 11:46:34', '2020-12-19 11:46:34', 0),
(27, 15, NULL, NULL, NULL, NULL, 27008, 19, 22, 0, '0', 0.00, 0.00, 0.00, 0.00, 0.00, 0.00, 0.00, 0.00, 0.00, NULL, 0, 1, '2020-12-27 11:54:44', '2020-12-27 11:54:44', 0),
(28, 15, NULL, NULL, NULL, NULL, 27008, 19, 23, 0, '0', 0.00, 77.00, 77.00, 77.00, 0.00, 0.00, 6.00, 10.00, 34.00, NULL, 0, 1, '2020-12-27 11:54:44', '2020-12-27 11:54:44', 0),
(29, 15, NULL, NULL, NULL, NULL, 27008, 20, 22, 0, '0', 0.00, 0.00, 0.00, 0.00, 0.00, 0.00, 0.00, 0.00, 0.00, NULL, 0, 1, '2020-12-27 11:54:44', '2020-12-27 11:54:44', 0),
(30, 15, NULL, NULL, NULL, NULL, 27008, 20, 23, 0, '0', 1905.00, 0.00, 0.00, 0.00, 0.00, 0.00, 0.00, 0.00, 0.00, NULL, 0, 1, '2020-12-27 11:54:44', '2020-12-27 11:54:44', 0),
(31, 15, NULL, NULL, NULL, NULL, 27008, 21, 22, 0, '0', 0.00, 0.00, 0.00, 0.00, 0.00, 0.00, 0.00, 0.00, 0.00, NULL, 0, 1, '2020-12-27 11:54:44', '2020-12-27 11:54:44', 0),
(32, 15, NULL, NULL, NULL, NULL, 27008, 21, 23, 0, '0', 3334.00, 3334.00, 3334.00, 3334.00, 6806.00, 209.00, 418.00, 626.00, 2059.00, NULL, 0, 1, '2020-12-27 11:54:44', '2020-12-27 11:54:44', 0),
(33, 14, NULL, NULL, NULL, NULL, 27008, 16, 20, 0, '0', 0.00, 44.00, 0.00, 0.00, 0.00, 0.00, 0.00, 0.00, 0.00, NULL, 0, 1, '2020-12-27 11:55:20', '2020-12-27 11:57:32', 0),
(34, 14, NULL, NULL, NULL, NULL, 27008, 16, 21, 0, '0', 0.00, 77.00, 0.00, 0.00, 0.00, 0.00, 0.00, 0.00, 0.00, NULL, 0, 1, '2020-12-27 11:55:21', '2020-12-27 11:57:32', 0),
(35, 14, NULL, NULL, NULL, NULL, 27008, 17, 20, 0, '0', 1095.00, 0.00, 0.00, 0.00, 0.00, 0.00, 0.00, 0.00, 0.00, NULL, 0, 1, '2020-12-27 11:55:21', '2020-12-27 11:57:32', 0),
(36, 14, NULL, NULL, NULL, NULL, 27008, 17, 21, 0, '0', 1905.00, 0.00, 0.00, 0.00, 0.00, 0.00, 0.00, 0.00, 0.00, NULL, 0, 1, '2020-12-27 11:55:21', '2020-12-27 11:57:32', 0),
(37, 14, NULL, NULL, NULL, NULL, 27008, 18, 20, 0, '0', 1917.00, 1917.00, 0.00, 0.00, 0.00, 121.00, 0.00, 0.00, 0.00, NULL, 0, 1, '2020-12-27 11:55:21', '2020-12-27 11:57:32', 0),
(38, 14, NULL, NULL, NULL, NULL, 27008, 18, 21, 0, '0', 3334.00, 3334.00, 0.00, 0.00, 0.00, 209.00, 0.00, 0.00, 0.00, NULL, 0, 1, '2020-12-27 11:55:21', '2020-12-27 11:57:32', 0),
(39, 16, NULL, NULL, NULL, NULL, 27008, 22, 24, 0, '0', 0.00, 0.00, 0.00, 0.00, 50.00, 10.00, 0.00, 0.00, 0.00, NULL, 0, 1, '2020-12-29 17:32:13', '2020-12-29 17:32:13', 0),
(40, 16, NULL, NULL, NULL, NULL, 27008, 22, 25, 0, '0', 0.00, 0.00, 0.00, 0.00, 0.00, 0.00, 0.00, 0.00, 0.00, NULL, 0, 1, '2020-12-29 17:32:13', '2020-12-29 17:32:13', 0),
(41, 32, 32, 7, 62, 429, 39083, 23, 26, 0, '0', 0.00, 8500.00, 8338.00, 0.00, 0.00, 0.00, 532.00, 0.00, 0.00, NULL, 0, 1, '2021-04-29 17:19:58', '2021-04-29 17:22:02', 0),
(52, 34, 32, 7, 62, 429, 39083, 25, 37, 0, '0', 0.00, 0.00, 0.00, 0.00, 0.00, 0.00, 0.00, 0.00, 0.00, NULL, 0, 1, '2021-06-03 15:15:55', '2021-06-03 15:15:55', 0),
(53, 34, 32, 7, 62, 429, 39083, 25, 38, 0, '0', 0.00, 0.00, 0.00, 0.00, 0.00, 0.00, 0.00, 0.00, 0.00, NULL, 0, 1, '2021-06-03 15:15:55', '2021-06-03 15:15:55', 0),
(54, 34, 32, 7, 62, 429, 39083, 25, 39, 0, '0', 0.00, 0.00, 0.00, 0.00, 0.00, 0.00, 0.00, 0.00, 0.00, NULL, 0, 1, '2021-06-03 15:15:55', '2021-06-03 15:15:55', 0),
(55, 34, 32, 7, 62, 429, 39083, 25, 40, 0, '0', 0.00, 0.00, 0.00, 0.00, 0.00, 0.00, 0.00, 0.00, 0.00, NULL, 0, 1, '2021-06-03 15:15:55', '2021-06-03 15:15:55', 0),
(56, 34, 32, 7, 62, 429, 39083, 25, 41, 0, '0', 0.00, 0.00, 0.00, 0.00, 0.00, 0.00, 0.00, 0.00, 0.00, NULL, 0, 1, '2021-06-03 15:15:55', '2021-06-03 15:15:55', 0),
(57, 34, 32, 7, 62, 429, 39083, 25, 42, 0, '0', 0.00, 0.00, 0.00, 0.00, 0.00, 0.00, 0.00, 0.00, 0.00, NULL, 0, 1, '2021-06-03 15:15:55', '2021-06-03 15:15:55', 0),
(58, 34, 32, 7, 62, 429, 39083, 25, 43, 0, '0', 0.00, 0.00, 0.00, 0.00, 0.00, 0.00, 0.00, 0.00, 0.00, NULL, 0, 1, '2021-06-03 15:15:55', '2021-06-03 15:15:55', 0),
(59, 34, 32, 7, 62, 429, 39083, 25, 44, 0, '0', 0.00, 0.00, 0.00, 0.00, 0.00, 0.00, 0.00, 0.00, 0.00, NULL, 0, 1, '2021-06-03 15:15:55', '2021-06-03 15:15:55', 0),
(60, 34, 32, 7, 62, 429, 39083, 25, 45, 0, '0', 0.00, 0.00, 0.00, 0.00, 0.00, 0.00, 0.00, 0.00, 0.00, NULL, 0, 1, '2021-06-03 15:15:55', '2021-06-03 15:15:55', 0),
(61, 34, 32, 7, 62, 429, 39083, 25, 46, 0, '0', 0.00, 0.00, 0.00, 0.00, 0.00, 0.00, 0.00, 0.00, 0.00, NULL, 0, 1, '2021-06-03 15:15:55', '2021-06-03 15:15:55', 0),
(62, 34, 32, 7, 62, 429, 39083, 25, 47, 0, '0', 0.00, 0.00, 0.00, 0.00, 0.00, 0.00, 0.00, 0.00, 0.00, NULL, 0, 1, '2021-06-03 15:15:55', '2021-06-03 15:15:55', 0),
(63, 34, 32, 7, 62, 429, 39083, 25, 48, 0, '0', 0.00, 0.00, 0.00, 0.00, 0.00, 0.00, 0.00, 0.00, 0.00, NULL, 0, 1, '2021-06-03 15:15:55', '2021-06-03 15:15:55', 0),
(64, 34, 32, 7, 62, 429, 39083, 25, 49, 0, '0', 0.00, 0.00, 0.00, 0.00, 0.00, 0.00, 0.00, 0.00, 0.00, NULL, 0, 1, '2021-06-03 15:15:55', '2021-06-03 15:15:55', 0),
(65, 35, 32, 7, 62, 429, 39083, 26, 50, 0, '0', 0.00, 20.00, 20.00, 0.00, 0.00, 0.00, 2.00, 0.00, 0.00, NULL, 0, 1, '2021-06-05 12:57:47', '2021-06-05 12:57:47', 0),
(66, 36, 32, 7, 62, 429, 39083, 27, 51, 0, '0', 0.00, 0.00, 0.00, 0.00, 0.00, 0.00, 0.00, 0.00, 0.00, NULL, 0, 1, '2021-06-09 13:10:40', '2021-06-09 13:10:40', 0),
(69, 324500, 32, 7, 62, 429, 39083, 28, 52, 0, '0', 0.00, 50.00, 0.00, 0.00, 0.00, 0.00, 0.00, 0.00, 0.00, NULL, 0, 1, '2021-08-16 12:47:22', '2021-08-16 12:47:22', 0),
(81, 32451, 32, 0, 62, 429, 39083, 30, 53, 0, '0', 0.00, 1000.00, 1000.00, 1000.00, 5500.00, 0.00, 63.00, 125.00, 1813.00, NULL, 0, 1, '2023-01-30 12:15:01', '2023-01-30 12:15:01', 5),
(101, 32450, 32, 7, 62, 429, 39083, 28, 52, 0, '0', 100.00, 0.00, 0.00, 0.00, 0.00, 0.00, 0.00, 0.00, 0.00, NULL, 0, 1, '2023-02-15 11:54:13', '2023-02-15 11:54:13', 5),
(102, 32450, 32, 7, 62, 429, 39083, 29, 52, 0, '0', 20.00, 0.00, 0.00, 0.00, 0.00, 0.00, 0.00, 0.00, 0.00, NULL, 0, 1, '2023-02-15 11:54:13', '2023-02-15 11:54:13', 5),
(103, 32450, 32, 7, 62, 429, 39083, 32, 52, 0, '0', 10.00, 0.00, 0.00, 0.00, 0.00, 0.00, 0.00, 0.00, 0.00, NULL, 0, 1, '2023-02-15 11:54:13', '2023-02-15 11:54:13', 5),
(104, 32450, 32, 7, 62, 429, 39083, 33, 52, 0, '0', 0.00, 0.00, 0.00, 0.00, 0.00, 0.00, 0.00, 0.00, 0.00, NULL, 0, 1, '2023-02-15 11:54:13', '2023-02-15 11:54:13', 5),
(105, 32450, 32, 7, 62, 429, 39083, 34, 52, 0, '0', 0.00, 0.00, 0.00, 0.00, 0.00, 0.00, 0.00, 0.00, 0.00, NULL, 0, 1, '2023-02-15 11:54:13', '2023-02-15 11:54:13', 5),
(106, 32450, 32, 7, 62, 429, 39083, 35, 52, 0, '0', 0.00, 0.00, 0.00, 0.00, 0.00, 0.00, 0.00, 0.00, 0.00, NULL, 0, 1, '2023-02-15 11:54:13', '2023-02-15 11:54:13', 5),
(107, 32450, 32, 7, 62, 429, 39083, 36, 52, 0, '0', 0.00, 0.00, 0.00, 0.00, 0.00, 0.00, 0.00, 0.00, 0.00, NULL, 0, 1, '2023-02-15 11:54:13', '2023-02-15 11:54:13', 5),
(108, 32450, 32, 7, 62, 429, 39083, 37, 52, 0, '0', 0.00, 0.00, 0.00, 0.00, 0.00, 0.00, 0.00, 0.00, 0.00, NULL, 0, 1, '2023-02-15 11:54:13', '2023-02-15 11:54:13', 5),
(109, 32450, 32, 7, 62, 429, 39083, 38, 52, 0, '0', 0.00, 0.00, 0.00, 0.00, 0.00, 0.00, 0.00, 0.00, 0.00, NULL, 0, 1, '2023-02-15 11:54:13', '2023-02-15 11:54:13', 5),
(110, 32450, 32, 7, 62, 429, 39083, 39, 52, 0, '0', 0.00, 0.00, 0.00, 0.00, 0.00, 0.00, 0.00, 0.00, 0.00, NULL, 0, 1, '2023-02-15 11:54:13', '2023-02-15 11:54:13', 5),
(111, 32450, 32, 7, 62, 429, 39083, 40, 52, 0, '0', 0.00, 0.00, 0.00, 0.00, 0.00, 0.00, 0.00, 0.00, 0.00, NULL, 0, 1, '2023-02-15 11:54:13', '2023-02-15 11:54:13', 5),
(112, 32450, 32, 7, 62, 429, 39083, 41, 52, 0, '0', 0.00, 0.00, 0.00, 0.00, 0.00, 0.00, 0.00, 0.00, 0.00, NULL, 0, 1, '2023-02-15 11:54:13', '2023-02-15 11:54:13', 5),
(113, 32450, 32, 7, 62, 429, 39083, 42, 52, 0, '0', 0.00, 0.00, 0.00, 0.00, 0.00, 0.00, 0.00, 0.00, 0.00, NULL, 0, 1, '2023-02-15 11:54:13', '2023-02-15 11:54:13', 5),
(114, 32450, 32, 7, 62, 429, 39083, 43, 52, 0, '0', 0.00, 0.00, 0.00, 0.00, 0.00, 0.00, 0.00, 0.00, 0.00, NULL, 0, 1, '2023-02-15 11:54:13', '2023-02-15 11:54:13', 5),
(115, 32450, 32, 7, 62, 429, 39083, 44, 52, 0, '0', 0.00, 0.00, 0.00, 0.00, 0.00, 0.00, 0.00, 0.00, 0.00, NULL, 0, 1, '2023-02-15 11:54:13', '2023-02-15 11:54:13', 5),
(116, 32450, 32, 7, 62, 429, 39083, 45, 52, 0, '0', 0.00, 0.00, 0.00, 0.00, 0.00, 0.00, 0.00, 0.00, 0.00, NULL, 0, 1, '2023-02-15 11:54:13', '2023-02-15 11:54:13', 5),
(117, 32450, 32, 7, 62, 429, 39083, 46, 52, 0, '0', 0.00, 0.00, 0.00, 0.00, 0.00, 0.00, 0.00, 0.00, 0.00, NULL, 0, 1, '2023-02-15 11:54:13', '2023-02-15 11:54:13', 5),
(118, 32450, 32, 7, 62, 429, 39083, 47, 52, 0, '0', 10.00, 0.00, 10.00, 0.00, 0.00, 0.00, 0.00, 0.00, 0.00, NULL, 0, 1, '2023-02-15 11:54:13', '2023-02-15 11:54:13', 5),
(119, 32450, 32, 7, 62, 429, 39083, 48, 52, 0, '0', 0.00, 0.00, 0.00, 0.00, 0.00, 0.00, 0.00, 0.00, 0.00, NULL, 0, 1, '2023-02-15 11:54:13', '2023-02-15 11:54:13', 5),
(120, 32450, 32, 7, 62, 429, 39083, 49, 52, 0, '0', 0.00, 0.00, 0.00, 0.00, 0.00, 0.00, 0.00, 0.00, 0.00, NULL, 0, 1, '2023-02-15 11:54:13', '2023-02-15 11:54:13', 5),
(121, 32450, 32, 7, 62, 429, 39083, 50, 52, 0, '0', 0.00, 0.00, 0.00, 0.00, 0.00, 0.00, 0.00, 0.00, 0.00, NULL, 0, 1, '2023-02-15 11:54:13', '2023-02-15 11:54:13', 5),
(122, 32450, 32, 7, 62, 429, 39083, 51, 52, 0, '0', 0.00, 0.00, 0.00, 0.00, 0.00, 0.00, 0.00, 0.00, 0.00, NULL, 0, 1, '2023-02-15 11:54:13', '2023-02-15 11:54:13', 5),
(123, 32450, 32, 7, 62, 429, 39083, 52, 52, 0, '0', 0.00, 0.00, 0.00, 0.00, 0.00, 0.00, 0.00, 0.00, 0.00, NULL, 0, 1, '2023-02-15 11:54:13', '2023-02-15 11:54:13', 5),
(124, 32450, 32, 7, 62, 429, 39083, 53, 52, 0, '0', 0.00, 0.00, 0.00, 0.00, 0.00, 0.00, 0.00, 0.00, 0.00, NULL, 0, 1, '2023-02-15 11:54:13', '2023-02-15 11:54:13', 5),
(125, 32450, 32, 7, 62, 429, 39083, 54, 52, 0, '0', 0.00, 0.00, 0.00, 0.00, 0.00, 0.00, 0.00, 0.00, 0.00, NULL, 0, 1, '2023-02-15 11:54:13', '2023-02-15 11:54:13', 5),
(126, 32450, 32, 7, 62, 429, 39083, 55, 52, 0, '0', 0.00, 0.00, 0.00, 0.00, 0.00, 0.00, 0.00, 0.00, 0.00, NULL, 0, 1, '2023-02-15 11:54:13', '2023-02-15 11:54:13', 5),
(127, 32450, 32, 7, 62, 429, 39083, 56, 52, 0, '0', 0.00, 0.00, 0.00, 0.00, 0.00, 0.00, 0.00, 0.00, 0.00, NULL, 0, 1, '2023-02-15 11:54:13', '2023-02-15 11:54:13', 5),
(135, 32456, 32, 0, 62, 429, 39083, 4, 120, 0, '0', 45.00, 0.00, 0.00, 0.00, 0.00, 0.00, 0.00, 0.00, 0.00, NULL, 0, 1, '2023-09-20 11:19:00', '2023-09-20 11:19:00', 5),
(198, 32457, 32, 0, 62, 429, 39083, 0, 121, 0, '0', 10.00, 0.00, 0.00, 0.00, 0.00, 0.00, 0.00, 0.00, 0.00, NULL, 0, 1, '2023-09-27 17:36:35', '2023-09-27 17:36:35', 5),
(220, 32430, 32, 7, 62, 429, 39083, 0, 137, 0, '0', 10.00, 10.00, 0.00, 0.00, 0.00, 0.00, 0.00, 0.00, 0.00, NULL, 0, 1, '2023-10-04 15:42:31', '2023-10-04 15:42:31', 5),
(221, 6, 32, 7, 62, 429, 39083, NULL, 9, 0, '0', 0.00, 0.00, 0.00, 0.00, 0.00, 0.00, 0.00, 0.00, 0.00, NULL, 0, 1, '2023-10-04 17:33:48', '2023-10-04 17:33:48', 5),
(230, 32461, 32, 0, 62, 429, 39083, 0, 144, 0, '0', 0.00, 0.00, 0.00, 0.00, 0.00, 0.00, 0.00, 0.00, 0.00, NULL, 0, 1, '2023-10-09 12:00:52', '2023-10-09 12:00:52', 5),
(231, 32461, 32, 0, 62, 429, 39083, 0, 145, 0, '0', 0.00, 0.00, 0.00, 0.00, 0.00, 0.00, 0.00, 0.00, 0.00, NULL, 0, 1, '2023-10-09 12:00:52', '2023-10-09 12:00:52', 5),
(232, 32462, 32, 0, 62, 429, 39083, 15, 146, 0, '0', 0.00, 0.00, 0.00, 0.00, 0.00, 0.00, 0.00, 0.00, 0.00, NULL, 0, 1, '2023-10-09 12:07:54', '2023-10-09 12:07:54', 5),
(233, 32462, 32, 0, 62, 429, 39083, 15, 147, 0, '0', 0.00, 0.00, 0.00, 0.00, 0.00, 0.00, 0.00, 0.00, 0.00, NULL, 0, 1, '2023-10-09 12:07:54', '2023-10-09 12:07:54', 5),
(239, 32460, 32, 0, 62, 429, 39083, 13, 142, 0, '0', 10.00, 0.00, 0.00, 0.00, 0.00, 0.00, 0.00, 0.00, 0.00, NULL, 0, 1, '2023-10-09 12:44:02', '2023-10-09 12:44:02', 5),
(240, 32463, 32, 0, 62, 429, 39083, 16, 148, 0, '0', 5.00, 0.00, 0.00, 0.00, 0.00, 0.00, 0.00, 0.00, 0.00, NULL, 0, 1, '2023-10-09 13:05:31', '2023-10-09 13:05:31', 5),
(241, 32463, 32, 0, 62, 429, 39083, 16, 149, 0, '0', 5.00, 0.00, 0.00, 0.00, 0.00, 0.00, 0.00, 0.00, 0.00, NULL, 0, 1, '2023-10-09 13:05:31', '2023-10-09 13:05:31', 5),
(242, 32464, 32, 0, 62, 429, 39083, 17, 150, 0, '0', 10.00, 0.00, 0.00, 0.00, 0.00, 0.00, 0.00, 0.00, 0.00, NULL, 0, 1, '2023-10-09 13:06:57', '2023-10-09 13:06:57', 5),
(243, 32464, 32, 0, 62, 429, 39083, 17, 151, 0, '0', 0.00, 0.00, 0.00, 0.00, 0.00, 0.00, 0.00, 0.00, 0.00, NULL, 0, 1, '2023-10-09 13:06:57', '2023-10-09 13:06:57', 5),
(244, 32465, 32, 0, 62, 429, 39083, 0, 152, 0, '0', 10.00, 10.00, 0.00, 0.00, 0.00, 0.00, 0.00, 0.00, 0.00, NULL, 0, 1, '2023-10-09 13:13:16', '2023-10-09 13:13:16', 5),
(245, 32465, 32, 0, 62, 429, 39083, 0, 153, 0, '0', 0.00, 0.00, 0.00, 0.00, 0.00, 0.00, 0.00, 0.00, 0.00, NULL, 0, 1, '2023-10-09 13:13:16', '2023-10-09 13:13:16', 5),
(246, 32467, 32, 0, 62, 429, 39083, 0, 156, 0, '0', 10.00, 0.00, 0.00, 0.00, 0.00, 0.00, 0.00, 0.00, 0.00, NULL, 0, 1, '2023-10-09 15:46:34', '2023-10-09 15:46:34', 5),
(247, 32468, 32, 0, 62, 429, 39083, 21, 157, 0, '0', 120.00, 0.00, 0.00, 0.00, 0.00, 0.00, 0.00, 0.00, 0.00, NULL, 0, 1, '2023-10-09 16:04:59', '2023-10-09 16:04:59', 5),
(248, 32469, 32, 0, 62, 429, 39083, 0, 158, 0, '0', 10.00, 10.00, 0.00, 0.00, 0.00, 0.00, 0.00, 0.00, 0.00, NULL, 0, 1, '2023-10-09 16:06:53', '2023-10-09 16:06:53', 5),
(254, 32475, 32, 0, 62, 429, 39083, 0, 164, 0, '0', 10.00, 10.00, 0.00, 0.00, 0.00, 0.00, 0.00, 0.00, 0.00, NULL, 0, 1, '2023-10-10 12:00:18', '2023-10-10 12:00:18', 5),
(313, 32454, 32, 0, 62, 429, 39083, 0, 118, 0, '0', 10.00, 0.00, 0.00, 0.00, 0.00, 0.00, 0.00, 0.00, 0.00, NULL, 0, 1, '2023-10-12 18:26:41', '2023-10-12 18:26:41', 5),
(328, 32470, 32, 0, 62, 429, 39083, 23, 159, 0, '0', 75.00, 0.00, 0.00, 0.00, 0.00, 0.00, 0.00, 0.00, 0.00, NULL, 0, 1, '2023-10-22 12:32:55', '2023-10-22 12:32:55', 5),
(330, 32478, 32, 0, 62, 429, 39083, 31, 167, 0, '0', 0.00, 0.00, 0.00, 0.00, 0.00, 0.00, 0.00, 0.00, 0.00, NULL, 0, 1, '2023-10-22 12:34:00', '2023-10-22 12:34:00', 5),
(331, 32478, 32, 0, 62, 429, 39083, 31, 168, 0, '0', 0.00, 0.00, 0.00, 0.00, 0.00, 0.00, 0.00, 0.00, 0.00, NULL, 0, 1, '2023-10-22 12:34:00', '2023-10-22 12:34:00', 5),
(337, 32482, 32, 0, 62, 429, 39083, 0, 174, 0, '0', 10.00, 0.00, 0.00, 0.00, 0.00, 0.00, 0.00, 0.00, 0.00, NULL, 0, 1, '2023-10-22 18:20:24', '2023-10-22 18:20:24', 5),
(347, 32458, 32, 0, 62, 429, 39083, 11, 138, 0, '0', 10.00, 0.00, 0.00, 0.00, 0.00, 0.00, 0.00, 0.00, 0.00, NULL, 0, 1, '2023-10-23 14:47:02', '2023-10-23 14:47:02', 5),
(348, 32474, 32, 0, 62, 429, 39083, 0, 163, 0, '0', 10.00, 0.00, 0.00, 0.00, 0.00, 0.00, 0.00, 0.00, 0.00, NULL, 0, 1, '2023-10-23 15:07:28', '2023-10-23 15:07:28', 5),
(349, 32483, 32, 0, 62, 429, 39083, 0, 175, 0, '0', 10.00, 10.00, 0.00, 0.00, 0.00, 0.00, 0.00, 0.00, 0.00, NULL, 0, 1, '2023-10-23 15:09:28', '2023-10-23 15:09:28', 5),
(350, 32477, 32, 0, 62, 429, 39083, 30, 166, 0, '0', 100.00, 0.00, 0.00, 0.00, 0.00, 0.00, 0.00, 0.00, 0.00, NULL, 0, 1, '2023-10-23 15:13:17', '2023-10-23 15:13:17', 5),
(354, 32484, 32, 0, 62, 429, 39083, 37, 176, 0, '0', 170.00, 0.00, 0.00, 0.00, 0.00, 0.00, 0.00, 0.00, 0.00, NULL, 0, 1, '2023-10-23 16:16:53', '2023-10-23 16:16:53', 5),
(365, 32476, 32, 0, 62, 429, 39083, 0, 165, 0, '0', 0.00, 0.00, 0.00, 0.00, 0.00, 0.00, 0.00, 0.00, 0.00, NULL, 0, 1, '2023-10-23 17:40:21', '2023-10-23 17:40:21', 5),
(367, 32426, 32, 7, 62, 429, 39083, 0, 135, 0, '0', 0.00, 0.00, 0.00, 0.00, 0.00, 0.00, 0.00, 0.00, 0.00, NULL, 0, 1, '2023-10-23 18:04:10', '2023-10-23 18:04:10', 5),
(369, 32415, 32, 7, 62, 429, 39083, 0, 133, 0, '0', 0.00, 0.00, 0.00, 0.00, 0.00, 0.00, 0.00, 0.00, 0.00, NULL, 0, 1, '2023-10-23 18:08:52', '2023-10-23 18:08:52', 5),
(376, 32486, 32, 0, 62, 429, 39083, 0, 178, 0, '0', 10.00, 0.00, 0.00, 0.00, 0.00, 0.00, 0.00, 0.00, 0.00, NULL, 0, 1, '2023-10-30 16:06:37', '2023-10-30 16:06:37', 5),
(383, 32453, 32, 0, 62, 429, 39083, 0, 116, 0, '0', 5.00, 0.00, 0.00, 0.00, 0.00, 0.00, 0.00, 0.00, 0.00, NULL, 0, 1, '2023-10-31 10:47:32', '2023-10-31 10:47:32', 5),
(384, 32453, 32, 0, 62, 429, 39083, 0, 117, 0, '0', 5.00, 0.00, 0.00, 0.00, 0.00, 0.00, 0.00, 0.00, 0.00, NULL, 0, 1, '2023-10-31 10:47:32', '2023-10-31 10:47:32', 5),
(385, 32472, 32, 0, 62, 429, 39083, 25, 161, 0, '0', 10.00, 0.00, 0.00, 0.00, 0.00, 0.00, 0.00, 0.00, 0.00, NULL, 0, 1, '2023-10-31 10:53:03', '2023-10-31 10:53:03', 5),
(403, 32487, 32, 0, 62, 429, 39083, 0, 183, 0, '0', 10.00, 0.00, 0.00, 0.00, 0.00, 0.00, 0.00, 0.00, 0.00, NULL, 0, 1, '2023-10-31 17:08:37', '2023-10-31 17:08:37', 5),
(404, 32455, 32, 0, 62, 429, 39083, 0, 119, 0, '0', 3.00, 3.00, 0.00, 0.00, 0.00, 0.00, 0.00, 0.00, 0.00, NULL, 0, 1, '2023-11-01 10:25:27', '2023-11-01 10:25:27', 5),
(405, 32455, 32, 0, 62, 429, 39083, 0, 181, 0, '0', 3.00, 3.00, 0.00, 0.00, 0.00, 0.00, 0.00, 0.00, 0.00, NULL, 0, 1, '2023-11-01 10:25:27', '2023-11-01 10:25:27', 5),
(406, 32455, 32, 0, 62, 429, 39083, 0, 182, 0, '0', 4.00, 4.00, 0.00, 0.00, 0.00, 0.00, 0.00, 0.00, 0.00, NULL, 0, 1, '2023-11-01 10:25:27', '2023-11-01 10:25:27', 5),
(407, 32452, 32, 7, 62, 429, 39083, NULL, 54, 0, '0', 0.00, 0.00, 0.00, 0.00, 0.00, 0.00, 0.00, 0.00, 0.00, NULL, 0, 1, '2023-11-07 14:47:39', '2023-11-07 14:47:39', 5),
(408, 32485, 32, 0, 62, 429, 39083, 0, 177, 0, '0', 10.00, 0.00, 0.00, 0.00, 0.00, 0.00, 0.00, 0.00, 0.00, NULL, 0, 1, '2023-11-15 18:40:06', '2023-11-15 18:40:06', 5),
(409, 32414, 32, 7, 62, 429, 39083, 0, 134, 0, '0', 10.00, 10.00, 0.00, 0.00, 0.00, 0.00, 0.00, 0.00, 0.00, NULL, 0, 1, '2023-11-23 12:29:20', '2023-11-23 12:29:20', 5),
(411, 32480, 32, 0, 62, 429, 39083, 0, 172, 0, '0', 10.00, 10.00, 10.00, 0.00, 0.00, 0.00, 0.00, 0.00, 0.00, NULL, 0, 1, '2023-11-23 12:33:31', '2023-11-23 12:33:31', 5),
(412, 32479, 32, 0, 62, 429, 39083, 32, 169, 0, '0', 100.00, 0.00, 0.00, 0.00, 0.00, 0.00, 0.00, 0.00, 0.00, NULL, 0, 1, '2023-11-23 12:34:32', '2023-11-23 12:34:32', 5),
(419, 32473, 32, 0, 62, 429, 39083, 26, 184, 0, '0', 120.00, 0.00, 0.00, 0.00, 0.00, 0.00, 0.00, 0.00, 0.00, NULL, 0, 1, '2023-12-05 16:13:36', '2023-12-05 16:13:36', 5),
(420, 32449, 32, 7, 62, 429, 39083, 0, 185, 0, '0', 10.00, 10.00, 0.00, 0.00, 0.00, 0.00, 0.00, 0.00, 0.00, NULL, 0, 1, '2023-12-07 12:06:14', '2023-12-07 12:06:14', 5);

-- --------------------------------------------------------

--
-- Table structure for table `migrations`
--

CREATE TABLE `migrations` (
  `id` int(10) UNSIGNED NOT NULL,
  `migration` varchar(255) NOT NULL,
  `batch` int(11) NOT NULL
) ENGINE=InnoDB DEFAULT CHARSET=utf8mb4 COLLATE=utf8mb4_unicode_ci;

--
-- Dumping data for table `migrations`
--

INSERT INTO `migrations` (`id`, `migration`, `batch`) VALUES
(12, '2014_10_12_000000_create_users_table', 1),
(13, '2014_10_12_100000_create_password_reset_tokens_table', 1),
(14, '2019_08_19_000000_create_failed_jobs_table', 1),
(15, '2019_12_14_000001_create_personal_access_tokens_table', 1),
(16, '2023_11_29_122234_create_notification_table', 1),
(17, '2023_12_06_105042_create_group_lists_table', 1),
(18, '2023_12_06_105042_create_recipient_group_lists_table', 1),
(19, '2023_12_06_105354_create_recipient_lists_table', 1),
(20, '2023_12_06_110540_create_notification_recipient_lists_table', 1),
(21, '2023_12_06_111116_create_notification_format_lists_table', 1),
(22, '2023_12_14_095005_create_group_notification_format_lists_table', 1);

-- --------------------------------------------------------

--
-- Table structure for table `notification_format_list`
--

CREATE TABLE `notification_format_list` (
  `id` bigint(20) UNSIGNED NOT NULL,
  `title` varchar(255) DEFAULT NULL,
  `body` longtext DEFAULT NULL,
  `updated_by` varchar(255) DEFAULT NULL,
  `created_by` varchar(255) DEFAULT NULL,
  `type` varchar(255) DEFAULT NULL,
  `is_editable` tinyint(1) DEFAULT NULL,
  `created_at` timestamp NULL DEFAULT NULL,
  `updated_at` timestamp NULL DEFAULT NULL
) ENGINE=InnoDB DEFAULT CHARSET=utf8mb4 COLLATE=utf8mb4_unicode_ci;

--
-- Dumping data for table `notification_format_list`
--

INSERT INTO `notification_format_list` (`id`, `title`, `body`, `updated_by`, `created_by`, `type`, `is_editable`, `created_at`, `updated_at`) VALUES
(1, '123', 'test', NULL, NULL, 'sms', 1, NULL, NULL);

-- --------------------------------------------------------

--
-- Table structure for table `notification_list`
--

CREATE TABLE `notification_list` (
  `id` bigint(20) UNSIGNED NOT NULL,
  `title` varchar(255) DEFAULT NULL,
  `body` longtext DEFAULT NULL,
  `updated_by` varchar(255) DEFAULT NULL,
  `created_by` varchar(255) DEFAULT NULL,
  `type` varchar(255) DEFAULT NULL,
  `format_id` int(11) DEFAULT NULL,
  `created_at` timestamp NULL DEFAULT NULL,
  `updated_at` timestamp NULL DEFAULT NULL
) ENGINE=InnoDB DEFAULT CHARSET=utf8mb4 COLLATE=utf8mb4_unicode_ci;

--
-- Dumping data for table `notification_list`
--

INSERT INTO `notification_list` (`id`, `title`, `body`, `updated_by`, `created_by`, `type`, `format_id`, `created_at`, `updated_at`) VALUES
(1, 'Test', '<p>Dear @owner_name,</p>\r\n<p>Thank you.</p>', NULL, NULL, 'panel_email_notification', NULL, '2023-12-26 13:23:51', '2023-12-26 13:23:51'),
(2, 'Test 2', '<p>Test 2Test 2Test 2Test 2Test 2Test 2Test 2</p>', NULL, NULL, 'panel_email_notification', NULL, '2023-12-31 04:56:43', '2023-12-31 04:56:43'),
(3, 'Test 3', '<p>Test 3Test 3Test 3Test 3Test 3Test 3Test 3Test 3</p>', NULL, NULL, 'panel_email_notification', NULL, '2023-12-31 04:57:25', '2023-12-31 04:57:25'),
(4, 'Test 3', '<p>Test 3Test 3Test 3Test 3Test 3Test 3Test 3Test 3</p>', NULL, NULL, 'panel_email_notification', NULL, '2023-12-31 06:13:55', '2023-12-31 06:13:55');

-- --------------------------------------------------------

--
-- Table structure for table `notification_recipient_list`
--

CREATE TABLE `notification_recipient_list` (
  `id` bigint(20) UNSIGNED NOT NULL,
  `notification_id` int(11) DEFAULT NULL,
  `recipient_id` int(11) DEFAULT NULL,
  `content` longtext DEFAULT NULL,
  `status` varchar(255) DEFAULT NULL,
  `updated_by` varchar(255) DEFAULT NULL,
  `created_by` varchar(255) DEFAULT NULL,
  `created_at` timestamp NULL DEFAULT NULL,
  `updated_at` timestamp NULL DEFAULT NULL
) ENGINE=InnoDB DEFAULT CHARSET=utf8mb4 COLLATE=utf8mb4_unicode_ci;

--
-- Dumping data for table `notification_recipient_list`
--

INSERT INTO `notification_recipient_list` (`id`, `notification_id`, `recipient_id`, `content`, `status`, `updated_by`, `created_by`, `created_at`, `updated_at`) VALUES
(1, 4, 26, '<p>Test 3Test 3Test 3Test 3Test 3Test 3Test 3Test 3</p>', 'pending', NULL, NULL, '2023-12-31 06:13:55', '2023-12-31 06:13:55'),
(2, 4, 90, '<p>Test 3Test 3Test 3Test 3Test 3Test 3Test 3Test 3</p>', 'pending', NULL, NULL, '2023-12-31 06:13:55', '2023-12-31 06:13:55'),
(3, 4, 11, '<p>Test 3Test 3Test 3Test 3Test 3Test 3Test 3Test 3</p>', 'pending', NULL, NULL, '2023-12-31 06:13:55', '2023-12-31 06:13:55'),
(4, 4, 11, '<p>Test 3Test 3Test 3Test 3Test 3Test 3Test 3Test 3</p>', 'pending', NULL, NULL, '2023-12-31 06:13:55', '2023-12-31 06:13:55'),
(5, 4, 15, '<p>Test 3Test 3Test 3Test 3Test 3Test 3Test 3Test 3</p>', 'pending', NULL, NULL, '2023-12-31 06:13:55', '2023-12-31 06:13:55'),
(6, 4, 16, '<p>Test 3Test 3Test 3Test 3Test 3Test 3Test 3Test 3</p>', 'pending', NULL, NULL, '2023-12-31 06:13:55', '2023-12-31 06:13:55');

-- --------------------------------------------------------

--
-- Table structure for table `password_reset_tokens`
--

CREATE TABLE `password_reset_tokens` (
  `email` varchar(255) NOT NULL,
  `token` varchar(255) NOT NULL,
  `created_at` timestamp NULL DEFAULT NULL
) ENGINE=InnoDB DEFAULT CHARSET=utf8mb4 COLLATE=utf8mb4_unicode_ci;

-- --------------------------------------------------------

--
-- Table structure for table `personal_access_tokens`
--

CREATE TABLE `personal_access_tokens` (
  `id` bigint(20) UNSIGNED NOT NULL,
  `tokenable_type` varchar(255) NOT NULL,
  `tokenable_id` bigint(20) UNSIGNED NOT NULL,
  `name` varchar(255) NOT NULL,
  `token` varchar(64) NOT NULL,
  `abilities` text DEFAULT NULL,
  `last_used_at` timestamp NULL DEFAULT NULL,
  `expires_at` timestamp NULL DEFAULT NULL,
  `created_at` timestamp NULL DEFAULT NULL,
  `updated_at` timestamp NULL DEFAULT NULL
) ENGINE=InnoDB DEFAULT CHARSET=utf8mb4 COLLATE=utf8mb4_unicode_ci;

-- --------------------------------------------------------

--
-- Table structure for table `recipient_group_list`
--

CREATE TABLE `recipient_group_list` (
  `id` bigint(20) UNSIGNED NOT NULL,
  `group_id` int(11) DEFAULT NULL,
  `recipient_id` int(11) DEFAULT NULL,
  `updated_by` varchar(255) DEFAULT NULL,
  `created_by` varchar(255) DEFAULT NULL,
  `created_at` timestamp NULL DEFAULT NULL,
  `updated_at` timestamp NULL DEFAULT NULL
) ENGINE=InnoDB DEFAULT CHARSET=utf8mb4 COLLATE=utf8mb4_unicode_ci;

--
-- Dumping data for table `recipient_group_list`
--

INSERT INTO `recipient_group_list` (`id`, `group_id`, `recipient_id`, `updated_by`, `created_by`, `created_at`, `updated_at`) VALUES
(1, 3, 11, NULL, NULL, NULL, NULL),
(2, 3, 12, NULL, NULL, NULL, NULL),
(3, 3, 13, NULL, NULL, NULL, NULL),
(8, 5, 26, NULL, NULL, '2023-12-24 12:01:25', '2023-12-24 12:01:25'),
(9, 3, 47, NULL, NULL, '2023-12-24 12:03:53', '2023-12-24 12:03:53'),
(10, 5, 90, NULL, NULL, '2023-12-24 12:26:55', '2023-12-24 12:26:55'),
(11, 5, 11, NULL, NULL, '2023-12-26 06:00:09', '2023-12-26 06:00:09'),
(12, 5, 11, NULL, NULL, '2023-12-26 06:00:28', '2023-12-26 06:00:28'),
(13, 5, 15, NULL, NULL, '2023-12-31 04:32:25', '2023-12-31 04:32:25'),
(14, 5, 16, NULL, NULL, '2023-12-31 04:33:02', '2023-12-31 04:33:02');

-- --------------------------------------------------------

--
-- Table structure for table `recipient_list`
--

CREATE TABLE `recipient_list` (
  `id` bigint(20) UNSIGNED NOT NULL,
  `name` varchar(255) DEFAULT NULL,
  `address` varchar(255) DEFAULT NULL,
  `phone` int(11) DEFAULT NULL,
  `email` varchar(255) DEFAULT NULL,
  `username` varchar(255) DEFAULT NULL,
  `holding_no` varchar(255) DEFAULT NULL,
  `due_amount` int(11) DEFAULT NULL,
  `due_year` int(11) DEFAULT NULL,
  `updated_by` varchar(255) DEFAULT NULL,
  `created_by` varchar(255) DEFAULT NULL,
  `created_at` timestamp NULL DEFAULT NULL,
  `updated_at` timestamp NULL DEFAULT NULL
) ENGINE=InnoDB DEFAULT CHARSET=utf8mb4 COLLATE=utf8mb4_unicode_ci;

-- --------------------------------------------------------

--
-- Table structure for table `users`
--

CREATE TABLE `users` (
  `id` bigint(20) UNSIGNED NOT NULL,
  `name` varchar(255) NOT NULL,
  `email` varchar(255) NOT NULL,
  `email_verified_at` timestamp NULL DEFAULT NULL,
  `password` varchar(255) NOT NULL,
  `remember_token` varchar(100) DEFAULT NULL,
  `created_at` timestamp NULL DEFAULT NULL,
  `updated_at` timestamp NULL DEFAULT NULL
) ENGINE=InnoDB DEFAULT CHARSET=utf8mb4 COLLATE=utf8mb4_unicode_ci;

--
-- Indexes for dumped tables
--

--
-- Indexes for table `citizen`
--
ALTER TABLE `citizen`
  ADD PRIMARY KEY (`id`);

--
-- Indexes for table `failed_jobs`
--
ALTER TABLE `failed_jobs`
  ADD PRIMARY KEY (`id`),
  ADD UNIQUE KEY `failed_jobs_uuid_unique` (`uuid`);

--
-- Indexes for table `group_list`
--
ALTER TABLE `group_list`
  ADD PRIMARY KEY (`id`);

--
-- Indexes for table `group_notification_format_list`
--
ALTER TABLE `group_notification_format_list`
  ADD PRIMARY KEY (`id`);

--
-- Indexes for table `ldtax_holding_owners`
--
ALTER TABLE `ldtax_holding_owners`
  ADD PRIMARY KEY (`id`);

--
-- Indexes for table `ldtax_holding_usable_information_tax`
--
ALTER TABLE `ldtax_holding_usable_information_tax`
  ADD PRIMARY KEY (`id`);

--
-- Indexes for table `migrations`
--
ALTER TABLE `migrations`
  ADD PRIMARY KEY (`id`);

--
-- Indexes for table `notification_format_list`
--
ALTER TABLE `notification_format_list`
  ADD PRIMARY KEY (`id`);

--
-- Indexes for table `notification_list`
--
ALTER TABLE `notification_list`
  ADD PRIMARY KEY (`id`);

--
-- Indexes for table `notification_recipient_list`
--
ALTER TABLE `notification_recipient_list`
  ADD PRIMARY KEY (`id`);

--
-- Indexes for table `password_reset_tokens`
--
ALTER TABLE `password_reset_tokens`
  ADD PRIMARY KEY (`email`);

--
-- Indexes for table `personal_access_tokens`
--
ALTER TABLE `personal_access_tokens`
  ADD PRIMARY KEY (`id`),
  ADD UNIQUE KEY `personal_access_tokens_token_unique` (`token`),
  ADD KEY `personal_access_tokens_tokenable_type_tokenable_id_index` (`tokenable_type`,`tokenable_id`);

--
-- Indexes for table `recipient_group_list`
--
ALTER TABLE `recipient_group_list`
  ADD PRIMARY KEY (`id`);

--
-- Indexes for table `recipient_list`
--
ALTER TABLE `recipient_list`
  ADD PRIMARY KEY (`id`);

--
-- Indexes for table `users`
--
ALTER TABLE `users`
  ADD PRIMARY KEY (`id`),
  ADD UNIQUE KEY `users_email_unique` (`email`);

--
-- AUTO_INCREMENT for dumped tables
--

--
-- AUTO_INCREMENT for table `citizen`
--
ALTER TABLE `citizen`
  MODIFY `id` bigint(20) NOT NULL AUTO_INCREMENT, AUTO_INCREMENT=121;

--
-- AUTO_INCREMENT for table `failed_jobs`
--
ALTER TABLE `failed_jobs`
  MODIFY `id` bigint(20) UNSIGNED NOT NULL AUTO_INCREMENT;

--
-- AUTO_INCREMENT for table `group_list`
--
ALTER TABLE `group_list`
  MODIFY `id` bigint(20) UNSIGNED NOT NULL AUTO_INCREMENT, AUTO_INCREMENT=7;

--
-- AUTO_INCREMENT for table `group_notification_format_list`
--
ALTER TABLE `group_notification_format_list`
  MODIFY `id` bigint(20) UNSIGNED NOT NULL AUTO_INCREMENT;

--
-- AUTO_INCREMENT for table `ldtax_holding_owners`
--
ALTER TABLE `ldtax_holding_owners`
  MODIFY `id` bigint(20) NOT NULL AUTO_INCREMENT, AUTO_INCREMENT=186;

--
-- AUTO_INCREMENT for table `ldtax_holding_usable_information_tax`
--
ALTER TABLE `ldtax_holding_usable_information_tax`
  MODIFY `id` bigint(20) NOT NULL AUTO_INCREMENT, AUTO_INCREMENT=421;

--
-- AUTO_INCREMENT for table `migrations`
--
ALTER TABLE `migrations`
  MODIFY `id` int(10) UNSIGNED NOT NULL AUTO_INCREMENT, AUTO_INCREMENT=23;

--
-- AUTO_INCREMENT for table `notification_format_list`
--
ALTER TABLE `notification_format_list`
  MODIFY `id` bigint(20) UNSIGNED NOT NULL AUTO_INCREMENT, AUTO_INCREMENT=2;

--
-- AUTO_INCREMENT for table `notification_list`
--
ALTER TABLE `notification_list`
  MODIFY `id` bigint(20) UNSIGNED NOT NULL AUTO_INCREMENT, AUTO_INCREMENT=5;

--
-- AUTO_INCREMENT for table `notification_recipient_list`
--
ALTER TABLE `notification_recipient_list`
  MODIFY `id` bigint(20) UNSIGNED NOT NULL AUTO_INCREMENT, AUTO_INCREMENT=7;

--
-- AUTO_INCREMENT for table `personal_access_tokens`
--
ALTER TABLE `personal_access_tokens`
  MODIFY `id` bigint(20) UNSIGNED NOT NULL AUTO_INCREMENT;

--
-- AUTO_INCREMENT for table `recipient_group_list`
--
ALTER TABLE `recipient_group_list`
  MODIFY `id` bigint(20) UNSIGNED NOT NULL AUTO_INCREMENT, AUTO_INCREMENT=15;

--
-- AUTO_INCREMENT for table `recipient_list`
--
ALTER TABLE `recipient_list`
  MODIFY `id` bigint(20) UNSIGNED NOT NULL AUTO_INCREMENT;

--
-- AUTO_INCREMENT for table `users`
--
ALTER TABLE `users`
  MODIFY `id` bigint(20) UNSIGNED NOT NULL AUTO_INCREMENT;
COMMIT;

/*!40101 SET CHARACTER_SET_CLIENT=@OLD_CHARACTER_SET_CLIENT */;
/*!40101 SET CHARACTER_SET_RESULTS=@OLD_CHARACTER_SET_RESULTS */;
/*!40101 SET COLLATION_CONNECTION=@OLD_COLLATION_CONNECTION */;
